id,name,brand,category,description,price,stock_quantity,location_info,coordinates_3d
PRD-1C8F8A71,เลย์ รสมันฝรั่งแท้,Lay's,อาหาร/ขนม,หิวตอนบ่าย อยากเคี้ยวอะไรเพลินๆ แก้เบื่อ,40.88,28,"{""zone"": ""A"", ""section"": ""1"", ""shelf"": ""3"", ""shelf_level"": ""2""}","{""x"": 6.0, ""y"": 1.3, ""z"": 3.0}"
PRD-105B9C4D,เลย์ รสมันฝรั่งแท้ ขนาดเล็ก,Lay's,อาหาร/ขนม,หิวตอนบ่าย อยากเคี้ยวอะไรเพลินๆ แก้เบื่อ,23.83,33,"{""zone"": ""A"", ""section"": ""1"", ""shelf"": ""3"", ""shelf_level"": ""1""}","{""x"": 6.0, ""y"": 0.5, ""z"": 3.0}"
PRD-B23BAEA3,เลย์ รสมันฝรั่งแท้ รสชาติใหม่,Lay's,อาหาร/ขนม,หิวตอนบ่าย อยากเคี้ยวอะไรเพลินๆ แก้เบื่อ,32.48,0,"{""zone"": ""A"", ""section"": ""1"", ""shelf"": ""4"", ""shelf_level"": ""3""}","{""x"": 16.5, ""y"": 2.1, ""z"": 3.0}"
PRD-AD2E7FA3,ทาโร่ รสเข้มข้น,Taro,อาหาร/ขนม,อยากกินขนมแบบไม่อ้วน เคี้ยวเพลินแก้เหงาปาก,36.28,3,"{""zone"": ""A"", ""section"": ""1"", ""shelf"": ""4"", ""shelf_level"": ""1""}","{""x"": 16.5, ""y"": 0.5, ""z"": 3.0}"
PRD-535BFFC8,ทาโร่ รสเข้มข้น แพ็คคู่,Taro,อาหาร/ขนม,อยากกินขนมแบบไม่อ้วน เคี้ยวเพลินแก้เหงาปาก,33.99,33,"{""zone"": ""A"", ""section"": ""1"", ""shelf"": ""5"", ""shelf_level"": ""1""}","{""x"": 14.0, ""y"": 0.5, ""z"": 3.0}"
PRD-3CD8CD27,ทาโร่ รสเข้มข้น รสชาติใหม่,Taro,อาหาร/ขนม,อยากกินขนมแบบไม่อ้วน เคี้ยวเพลินแก้เหงาปาก,24.96,21,"{""zone"": ""A"", ""section"": ""1"", ""shelf"": ""2"", ""shelf_level"": ""2""}","{""x"": 3.5, ""y"": 1.3, ""z"": 3.0}"
PRD-0D3BF2FC,ป๊อกกี้ รสช็อกโกแลต,Glico,อาหาร/ขนม,ต้องการความหวานนิดๆ อารมณ์ดีขึ้นทันที,29.93,42,"{""zone"": ""A"", ""section"": ""1"", ""shelf"": ""6"", ""shelf_level"": ""1""}","{""x"": 11.5, ""y"": 0.5, ""z"": 3.0}"
PRD-D37B97DE,ป๊อกกี้ รสช็อกโกแลต รสชาติใหม่,Glico,อาหาร/ขนม,ต้องการความหวานนิดๆ อารมณ์ดีขึ้นทันที,28.44,17,"{""zone"": ""A"", ""section"": ""1"", ""shelf"": ""6"", ""shelf_level"": ""1""}","{""x"": 11.5, ""y"": 0.5, ""z"": 3.0}"
PRD-6E01AD40,ป๊อกกี้ รสช็อกโกแลต รสชาติใหม่,Glico,อาหาร/ขนม,ต้องการความหวานนิดๆ อารมณ์ดีขึ้นทันที,26.73,8,"{""zone"": ""A"", ""section"": ""1"", ""shelf"": ""5"", ""shelf_level"": ""3""}","{""x"": 14.0, ""y"": 2.1, ""z"": 3.0}"
PRD-2C7BB894,ฮานามิ ข้าวเกรียบกุ้ง,Hanami,อาหาร/ขนม,คิดถึงรสชาติวัยเด็ก กรอบอร่อยเคี้ยวเพลิน,26.87,23,"{""zone"": ""A"", ""section"": ""1"", ""shelf"": ""5"", ""shelf_level"": ""3""}","{""x"": 14.0, ""y"": 2.1, ""z"": 3.0}"
PRD-F9045D28,ฮานามิ ข้าวเกรียบกุ้ง แพ็คคู่,Hanami,อาหาร/ขนม,คิดถึงรสชาติวัยเด็ก กรอบอร่อยเคี้ยวเพลิน,28.76,29,"{""zone"": ""A"", ""section"": ""1"", ""shelf"": ""2"", ""shelf_level"": ""3""}","{""x"": 3.5, ""y"": 2.1, ""z"": 3.0}"
PRD-F3D29E25,ฮานามิ ข้าวเกรียบกุ้ง ขนาดเล็ก,Hanami,อาหาร/ขนม,คิดถึงรสชาติวัยเด็ก กรอบอร่อยเคี้ยวเพลิน,12.54,10,"{""zone"": ""A"", ""section"": ""1"", ""shelf"": ""4"", ""shelf_level"": ""1""}","{""x"": 16.5, ""y"": 0.5, ""z"": 3.0}"
PRD-45F89386,สแน็คแจ๊ค,Snack Jack,อาหาร/ขนม,หิวระหว่างทำงาน อยากได้ถั่วลันเตากรอบๆ,22.78,33,"{""zone"": ""A"", ""section"": ""1"", ""shelf"": ""2"", ""shelf_level"": ""3""}","{""x"": 3.5, ""y"": 2.1, ""z"": 3.0}"
PRD-268473EC,สแน็คแจ๊ค แพ็คคู่,Snack Jack,อาหาร/ขนม,หิวระหว่างทำงาน อยากได้ถั่วลันเตากรอบๆ,33.19,33,"{""zone"": ""A"", ""section"": ""1"", ""shelf"": ""1"", ""shelf_level"": ""2""}","{""x"": 1.0, ""y"": 1.3, ""z"": 3.0}"
PRD-EACC6C44,สแน็คแจ๊ค แพ็คคู่,Snack Jack,อาหาร/ขนม,หิวระหว่างทำงาน อยากได้ถั่วลันเตากรอบๆ,36.51,29,"{""zone"": ""A"", ""section"": ""1"", ""shelf"": ""1"", ""shelf_level"": ""1""}","{""x"": 1.0, ""y"": 0.5, ""z"": 3.0}"
PRD-313C3FA5,สแน็คแจ๊ค ขนาดใหญ่,Snack Jack,อาหาร/ขนม,หิวระหว่างทำงาน อยากได้ถั่วลันเตากรอบๆ,37.95,12,"{""zone"": ""A"", ""section"": ""1"", ""shelf"": ""1"", ""shelf_level"": ""3""}","{""x"": 1.0, ""y"": 2.1, ""z"": 3.0}"
PRD-30ADC914,โค้ก ออริจินัล,Coca-Cola,อาหาร/เครื่องดื่ม,อากาศร้อนๆ กระหายน้ำ คอแห้ง อยากได้ความสดชื่นซ่าๆ,21.82,14,"{""zone"": ""A"", ""section"": ""2"", ""shelf"": ""1"", ""shelf_level"": ""3""}","{""x"": 1.0, ""y"": 2.1, ""z"": 6.0}"
PRD-F8D1FABF,โค้ก ออริจินัล รสชาติใหม่,Coca-Cola,อาหาร/เครื่องดื่ม,อากาศร้อนๆ กระหายน้ำ คอแห้ง อยากได้ความสดชื่นซ่าๆ,21.87,27,"{""zone"": ""A"", ""section"": ""2"", ""shelf"": ""1"", ""shelf_level"": ""3""}","{""x"": 1.0, ""y"": 2.1, ""z"": 6.0}"
PRD-296A77EF,โค้ก ออริจินัล รสชาติใหม่,Coca-Cola,อาหาร/เครื่องดื่ม,อากาศร้อนๆ กระหายน้ำ คอแห้ง อยากได้ความสดชื่นซ่าๆ,13.89,31,"{""zone"": ""A"", ""section"": ""2"", ""shelf"": ""2"", ""shelf_level"": ""3""}","{""x"": 3.5, ""y"": 2.1, ""z"": 6.0}"
PRD-E88156BE,โค้ก ออริจินัล ขนาดเล็ก,Coca-Cola,อาหาร/เครื่องดื่ม,อากาศร้อนๆ กระหายน้ำ คอแห้ง อยากได้ความสดชื่นซ่าๆ,13.43,45,"{""zone"": ""A"", ""section"": ""2"", ""shelf"": ""2"", ""shelf_level"": ""3""}","{""x"": 3.5, ""y"": 2.1, ""z"": 6.0}"
PRD-19E39CD2,โค้ก ออริจินัล ขนาดเล็ก,Coca-Cola,อาหาร/เครื่องดื่ม,อากาศร้อนๆ กระหายน้ำ คอแห้ง อยากได้ความสดชื่นซ่าๆ,13.3,44,"{""zone"": ""A"", ""section"": ""2"", ""shelf"": ""6"", ""shelf_level"": ""2""}","{""x"": 11.5, ""y"": 1.3, ""z"": 6.0}"
PRD-0FBA4A62,น้ำดื่มคริสตัล,Crystal,อาหาร/เครื่องดื่ม,หิวน้ำ ดับกระหาย คืนความสดชื่นให้ร่างกาย,11.57,17,"{""zone"": ""A"", ""section"": ""2"", ""shelf"": ""2"", ""shelf_level"": ""3""}","{""x"": 3.5, ""y"": 2.1, ""z"": 6.0}"
PRD-E8EEFC29,น้ำดื่มคริสตัล ขนาดเล็ก,Crystal,อาหาร/เครื่องดื่ม,หิวน้ำ ดับกระหาย คืนความสดชื่นให้ร่างกาย,7.12,45,"{""zone"": ""A"", ""section"": ""2"", ""shelf"": ""6"", ""shelf_level"": ""3""}","{""x"": 11.5, ""y"": 2.1, ""z"": 6.0}"
PRD-5206485F,น้ำดื่มคริสตัล แพ็คคู่,Crystal,อาหาร/เครื่องดื่ม,หิวน้ำ ดับกระหาย คืนความสดชื่นให้ร่างกาย,19.13,37,"{""zone"": ""A"", ""section"": ""2"", ""shelf"": ""2"", ""shelf_level"": ""3""}","{""x"": 3.5, ""y"": 2.1, ""z"": 6.0}"
PRD-EF2940AC,สปอนเซอร์ ออริจินัล,Sponsor,อาหาร/เครื่องดื่ม,เหนื่อยล้าจากการออกกำลังกาย ต้องการเกลือแร่ทดแทน,12.41,48,"{""zone"": ""A"", ""section"": ""2"", ""shelf"": ""1"", ""shelf_level"": ""2""}","{""x"": 1.0, ""y"": 1.3, ""z"": 6.0}"
PRD-37CB1DDB,สปอนเซอร์ ออริจินัล ขนาดใหญ่,Sponsor,อาหาร/เครื่องดื่ม,เหนื่อยล้าจากการออกกำลังกาย ต้องการเกลือแร่ทดแทน,17.38,37,"{""zone"": ""A"", ""section"": ""2"", ""shelf"": ""1"", ""shelf_level"": ""1""}","{""x"": 1.0, ""y"": 0.5, ""z"": 6.0}"
PRD-7917B407,สปอนเซอร์ ออริจินัล ขนาดเล็ก,Sponsor,อาหาร/เครื่องดื่ม,เหนื่อยล้าจากการออกกำลังกาย ต้องการเกลือแร่ทดแทน,9.14,26,"{""zone"": ""A"", ""section"": ""2"", ""shelf"": ""4"", ""shelf_level"": ""2""}","{""x"": 16.5, ""y"": 1.3, ""z"": 6.0}"
PRD-A02471BD,สปอนเซอร์ ออริจินัล ขนาดเล็ก,Sponsor,อาหาร/เครื่องดื่ม,เหนื่อยล้าจากการออกกำลังกาย ต้องการเกลือแร่ทดแทน,10.37,32,"{""zone"": ""A"", ""section"": ""2"", ""shelf"": ""5"", ""shelf_level"": ""1""}","{""x"": 14.0, ""y"": 0.5, ""z"": 6.0}"
PRD-976C9932,สปอนเซอร์ ออริจินัล ขนาดใหญ่,Sponsor,อาหาร/เครื่องดื่ม,เหนื่อยล้าจากการออกกำลังกาย ต้องการเกลือแร่ทดแทน,17.72,22,"{""zone"": ""A"", ""section"": ""2"", ""shelf"": ""5"", ""shelf_level"": ""3""}","{""x"": 14.0, ""y"": 2.1, ""z"": 6.0}"
PRD-2FFE56C8,นมเมจิ รสจืด,Meiji,อาหาร/เครื่องดื่ม,หิวตอนเช้า ต้องการพลังงานและแคลเซียมอิ่มท้อง,34.11,4,"{""zone"": ""A"", ""section"": ""2"", ""shelf"": ""4"", ""shelf_level"": ""1""}","{""x"": 16.5, ""y"": 0.5, ""z"": 6.0}"
PRD-73538C0E,นมเมจิ รสจืด ขนาดเล็ก,Meiji,อาหาร/เครื่องดื่ม,หิวตอนเช้า ต้องการพลังงานและแคลเซียมอิ่มท้อง,20.0,38,"{""zone"": ""A"", ""section"": ""2"", ""shelf"": ""6"", ""shelf_level"": ""1""}","{""x"": 11.5, ""y"": 0.5, ""z"": 6.0}"
PRD-AA3AC295,นมเมจิ รสจืด รสชาติใหม่,Meiji,อาหาร/เครื่องดื่ม,หิวตอนเช้า ต้องการพลังงานและแคลเซียมอิ่มท้อง,36.55,11,"{""zone"": ""A"", ""section"": ""2"", ""shelf"": ""5"", ""shelf_level"": ""1""}","{""x"": 14.0, ""y"": 0.5, ""z"": 6.0}"
PRD-8E9DFD4A,นมเมจิ รสจืด แพ็คคู่,Meiji,อาหาร/เครื่องดื่ม,หิวตอนเช้า ต้องการพลังงานและแคลเซียมอิ่มท้อง,34.13,45,"{""zone"": ""A"", ""section"": ""2"", ""shelf"": ""5"", ""shelf_level"": ""1""}","{""x"": 14.0, ""y"": 0.5, ""z"": 6.0}"
PRD-48FD9FC0,กาแฟเบอร์ดี้ โรบัสต้า,Birdy,อาหาร/เครื่องดื่ม,ง่วงนอนตอนบ่าย ต้องการความตื่นตัว ตาค้าง,14.05,16,"{""zone"": ""A"", ""section"": ""2"", ""shelf"": ""6"", ""shelf_level"": ""1""}","{""x"": 11.5, ""y"": 0.5, ""z"": 6.0}"
PRD-9546E3C0,กาแฟเบอร์ดี้ โรบัสต้า ขนาดใหญ่,Birdy,อาหาร/เครื่องดื่ม,ง่วงนอนตอนบ่าย ต้องการความตื่นตัว ตาค้าง,26.0,44,"{""zone"": ""A"", ""section"": ""2"", ""shelf"": ""5"", ""shelf_level"": ""1""}","{""x"": 14.0, ""y"": 0.5, ""z"": 6.0}"
PRD-76D60E15,กาแฟเบอร์ดี้ โรบัสต้า แพ็คคู่,Birdy,อาหาร/เครื่องดื่ม,ง่วงนอนตอนบ่าย ต้องการความตื่นตัว ตาค้าง,25.51,38,"{""zone"": ""A"", ""section"": ""2"", ""shelf"": ""6"", ""shelf_level"": ""2""}","{""x"": 11.5, ""y"": 1.3, ""z"": 6.0}"
PRD-E1020BA7,กาแฟเบอร์ดี้ โรบัสต้า รสชาติใหม่,Birdy,อาหาร/เครื่องดื่ม,ง่วงนอนตอนบ่าย ต้องการความตื่นตัว ตาค้าง,21.97,39,"{""zone"": ""A"", ""section"": ""2"", ""shelf"": ""6"", ""shelf_level"": ""2""}","{""x"": 11.5, ""y"": 1.3, ""z"": 6.0}"
PRD-FB9C744D,กาแฟเบอร์ดี้ โรบัสต้า ขนาดเล็ก,Birdy,อาหาร/เครื่องดื่ม,ง่วงนอนตอนบ่าย ต้องการความตื่นตัว ตาค้าง,14.67,29,"{""zone"": ""A"", ""section"": ""2"", ""shelf"": ""2"", ""shelf_level"": ""1""}","{""x"": 3.5, ""y"": 0.5, ""z"": 6.0}"
PRD-61941EED,มาม่า รสต้มยำกุ้ง,Mama,อาหาร/กึ่งสำเร็จรูป,หิวตอนดึก ฝนตก อากาศเย็น อยากซดน้ำซุปร้อนๆ แซ่บๆ,14.63,7,"{""zone"": ""A"", ""section"": ""3"", ""shelf"": ""1"", ""shelf_level"": ""1""}","{""x"": 1.0, ""y"": 0.5, ""z"": 9.0}"
PRD-1519F80D,มาม่า รสต้มยำกุ้ง ขนาดเล็ก,Mama,อาหาร/กึ่งสำเร็จรูป,หิวตอนดึก ฝนตก อากาศเย็น อยากซดน้ำซุปร้อนๆ แซ่บๆ,9.55,31,"{""zone"": ""A"", ""section"": ""3"", ""shelf"": ""2"", ""shelf_level"": ""1""}","{""x"": 3.5, ""y"": 0.5, ""z"": 9.0}"
PRD-97A90191,มาม่า รสต้มยำกุ้ง ขนาดเล็ก,Mama,อาหาร/กึ่งสำเร็จรูป,หิวตอนดึก ฝนตก อากาศเย็น อยากซดน้ำซุปร้อนๆ แซ่บๆ,13.06,45,"{""zone"": ""A"", ""section"": ""3"", ""shelf"": ""2"", ""shelf_level"": ""2""}","{""x"": 3.5, ""y"": 1.3, ""z"": 9.0}"
PRD-C0F8A147,โจ๊กคัพ รสหมู,Knorr,อาหาร/กึ่งสำเร็จรูป,ป่วยหรือตื่นสาย อยากได้อาหารเช้าย่อยง่ายๆ อุ่นท้อง,26.51,43,"{""zone"": ""A"", ""section"": ""3"", ""shelf"": ""2"", ""shelf_level"": ""2""}","{""x"": 3.5, ""y"": 1.3, ""z"": 9.0}"
PRD-B9EB50E5,โจ๊กคัพ รสหมู รสชาติใหม่,Knorr,อาหาร/กึ่งสำเร็จรูป,ป่วยหรือตื่นสาย อยากได้อาหารเช้าย่อยง่ายๆ อุ่นท้อง,20.43,39,"{""zone"": ""A"", ""section"": ""3"", ""shelf"": ""3"", ""shelf_level"": ""1""}","{""x"": 6.0, ""y"": 0.5, ""z"": 9.0}"
PRD-F2E6C785,โจ๊กคัพ รสหมู ขนาดเล็ก,Knorr,อาหาร/กึ่งสำเร็จรูป,ป่วยหรือตื่นสาย อยากได้อาหารเช้าย่อยง่ายๆ อุ่นท้อง,15.93,9,"{""zone"": ""A"", ""section"": ""3"", ""shelf"": ""4"", ""shelf_level"": ""2""}","{""x"": 16.5, ""y"": 1.3, ""z"": 9.0}"
PRD-630548C3,โจ๊กคัพ รสหมู รสชาติใหม่,Knorr,อาหาร/กึ่งสำเร็จรูป,ป่วยหรือตื่นสาย อยากได้อาหารเช้าย่อยง่ายๆ อุ่นท้อง,15.08,33,"{""zone"": ""A"", ""section"": ""3"", ""shelf"": ""3"", ""shelf_level"": ""2""}","{""x"": 6.0, ""y"": 1.3, ""z"": 9.0}"
PRD-224206DB,โจ๊กคัพ รสหมู ขนาดใหญ่,Knorr,อาหาร/กึ่งสำเร็จรูป,ป่วยหรือตื่นสาย อยากได้อาหารเช้าย่อยง่ายๆ อุ่นท้อง,33.81,21,"{""zone"": ""A"", ""section"": ""3"", ""shelf"": ""1"", ""shelf_level"": ""1""}","{""x"": 1.0, ""y"": 0.5, ""z"": 9.0}"
PRD-01E95BC2,ปลากระป๋องสามแม่ครัว,สามแม่ครัว,อาหาร/กระป๋อง,ขี้เกียจทำอาหาร อยากได้กับข้าวทำง่ายๆ อร่อย,25.87,30,"{""zone"": ""A"", ""section"": ""3"", ""shelf"": ""3"", ""shelf_level"": ""3""}","{""x"": 6.0, ""y"": 2.1, ""z"": 9.0}"
PRD-D04D82E6,ปลากระป๋องสามแม่ครัว แพ็คคู่,สามแม่ครัว,อาหาร/กระป๋อง,ขี้เกียจทำอาหาร อยากได้กับข้าวทำง่ายๆ อร่อย,32.69,32,"{""zone"": ""A"", ""section"": ""3"", ""shelf"": ""5"", ""shelf_level"": ""3""}","{""x"": 14.0, ""y"": 2.1, ""z"": 9.0}"
PRD-046C1856,ปลากระป๋องสามแม่ครัว แพ็คคู่,สามแม่ครัว,อาหาร/กระป๋อง,ขี้เกียจทำอาหาร อยากได้กับข้าวทำง่ายๆ อร่อย,33.46,36,"{""zone"": ""A"", ""section"": ""3"", ""shelf"": ""4"", ""shelf_level"": ""3""}","{""x"": 16.5, ""y"": 2.1, ""z"": 9.0}"
PRD-EAF2DD8B,ปลากระป๋องสามแม่ครัว แพ็คคู่,สามแม่ครัว,อาหาร/กระป๋อง,ขี้เกียจทำอาหาร อยากได้กับข้าวทำง่ายๆ อร่อย,41.23,21,"{""zone"": ""A"", ""section"": ""3"", ""shelf"": ""3"", ""shelf_level"": ""1""}","{""x"": 6.0, ""y"": 0.5, ""z"": 9.0}"
PRD-18EFA26A,ปลากระป๋องสามแม่ครัว รสชาติใหม่,สามแม่ครัว,อาหาร/กระป๋อง,ขี้เกียจทำอาหาร อยากได้กับข้าวทำง่ายๆ อร่อย,32.47,24,"{""zone"": ""A"", ""section"": ""3"", ""shelf"": ""6"", ""shelf_level"": ""3""}","{""x"": 11.5, ""y"": 2.1, ""z"": 9.0}"
PRD-D7F70469,ไวไว รสหอยลายผัดฉ่า,WaiWai,อาหาร/กึ่งสำเร็จรูป,เบื่อรสชาติเดิมๆ อยากกินมาม่าแห้งรสจัดจ้าน,21.89,36,"{""zone"": ""A"", ""section"": ""3"", ""shelf"": ""4"", ""shelf_level"": ""3""}","{""x"": 16.5, ""y"": 2.1, ""z"": 9.0}"
PRD-B6BD23EE,ไวไว รสหอยลายผัดฉ่า รสชาติใหม่,WaiWai,อาหาร/กึ่งสำเร็จรูป,เบื่อรสชาติเดิมๆ อยากกินมาม่าแห้งรสจัดจ้าน,13.02,26,"{""zone"": ""A"", ""section"": ""3"", ""shelf"": ""3"", ""shelf_level"": ""1""}","{""x"": 6.0, ""y"": 0.5, ""z"": 9.0}"
PRD-B8091BDA,ไวไว รสหอยลายผัดฉ่า แพ็คคู่,WaiWai,อาหาร/กึ่งสำเร็จรูป,เบื่อรสชาติเดิมๆ อยากกินมาม่าแห้งรสจัดจ้าน,27.66,1,"{""zone"": ""A"", ""section"": ""3"", ""shelf"": ""4"", ""shelf_level"": ""1""}","{""x"": 16.5, ""y"": 0.5, ""z"": 9.0}"
PRD-07DAAC77,ข้าวสวยพร้อมทาน,หงษ์ทอง,อาหาร/สำเร็จรูป,หิวข้าวแต่ไม่มีเวลาหุง แค่เวฟก็อิ่มท้องได้เลย,17.17,38,"{""zone"": ""A"", ""section"": ""3"", ""shelf"": ""1"", ""shelf_level"": ""3""}","{""x"": 1.0, ""y"": 2.1, ""z"": 9.0}"
PRD-BF30F98D,ข้าวสวยพร้อมทาน แพ็คคู่,หงษ์ทอง,อาหาร/สำเร็จรูป,หิวข้าวแต่ไม่มีเวลาหุง แค่เวฟก็อิ่มท้องได้เลย,24.02,43,"{""zone"": ""A"", ""section"": ""3"", ""shelf"": ""5"", ""shelf_level"": ""3""}","{""x"": 14.0, ""y"": 2.1, ""z"": 9.0}"
PRD-3F0E3CB5,ข้าวสวยพร้อมทาน แพ็คคู่,หงษ์ทอง,อาหาร/สำเร็จรูป,หิวข้าวแต่ไม่มีเวลาหุง แค่เวฟก็อิ่มท้องได้เลย,29.68,6,"{""zone"": ""A"", ""section"": ""3"", ""shelf"": ""4"", ""shelf_level"": ""2""}","{""x"": 16.5, ""y"": 1.3, ""z"": 9.0}"
PRD-E91DF208,ข้าวสวยพร้อมทาน แพ็คคู่,หงษ์ทอง,อาหาร/สำเร็จรูป,หิวข้าวแต่ไม่มีเวลาหุง แค่เวฟก็อิ่มท้องได้เลย,25.73,25,"{""zone"": ""A"", ""section"": ""3"", ""shelf"": ""4"", ""shelf_level"": ""2""}","{""x"": 16.5, ""y"": 1.3, ""z"": 9.0}"
PRD-355380D1,น้ำปลาแท้,ทิพรส,อาหาร/เครื่องปรุง,อาหารจืดไป อยากเพิ่มความเค็มและหอมให้อาหาร,34.65,12,"{""zone"": ""A"", ""section"": ""4"", ""shelf"": ""5"", ""shelf_level"": ""1""}","{""x"": 14.0, ""y"": 0.5, ""z"": 12.0}"
PRD-5A1FB2E5,น้ำปลาแท้ รสชาติใหม่,ทิพรส,อาหาร/เครื่องปรุง,อาหารจืดไป อยากเพิ่มความเค็มและหอมให้อาหาร,30.09,39,"{""zone"": ""A"", ""section"": ""4"", ""shelf"": ""4"", ""shelf_level"": ""3""}","{""x"": 16.5, ""y"": 2.1, ""z"": 12.0}"
PRD-8488B22C,น้ำปลาแท้ ขนาดเล็ก,ทิพรส,อาหาร/เครื่องปรุง,อาหารจืดไป อยากเพิ่มความเค็มและหอมให้อาหาร,30.38,21,"{""zone"": ""A"", ""section"": ""4"", ""shelf"": ""2"", ""shelf_level"": ""2""}","{""x"": 3.5, ""y"": 1.3, ""z"": 12.0}"
PRD-30FA960B,น้ำปลาแท้ ขนาดเล็ก,ทิพรส,อาหาร/เครื่องปรุง,อาหารจืดไป อยากเพิ่มความเค็มและหอมให้อาหาร,30.56,37,"{""zone"": ""A"", ""section"": ""4"", ""shelf"": ""4"", ""shelf_level"": ""2""}","{""x"": 16.5, ""y"": 1.3, ""z"": 12.0}"
PRD-2E21F144,น้ำปลาแท้ รสชาติใหม่,ทิพรส,อาหาร/เครื่องปรุง,อาหารจืดไป อยากเพิ่มความเค็มและหอมให้อาหาร,38.55,44,"{""zone"": ""A"", ""section"": ""4"", ""shelf"": ""3"", ""shelf_level"": ""2""}","{""x"": 6.0, ""y"": 1.3, ""z"": 12.0}"
PRD-EC8E93A6,ซอสหอยนางรม,แม่ครัว,อาหาร/เครื่องปรุง,อยากผัดผักให้สีสวย รสชาติกลมกล่อม,40.08,22,"{""zone"": ""A"", ""section"": ""4"", ""shelf"": ""6"", ""shelf_level"": ""1""}","{""x"": 11.5, ""y"": 0.5, ""z"": 12.0}"
PRD-91B25D36,ซอสหอยนางรม แพ็คคู่,แม่ครัว,อาหาร/เครื่องปรุง,อยากผัดผักให้สีสวย รสชาติกลมกล่อม,78.64,9,"{""zone"": ""A"", ""section"": ""4"", ""shelf"": ""5"", ""shelf_level"": ""3""}","{""x"": 14.0, ""y"": 2.1, ""z"": 12.0}"
PRD-A88680F7,ซอสหอยนางรม ขนาดใหญ่,แม่ครัว,อาหาร/เครื่องปรุง,อยากผัดผักให้สีสวย รสชาติกลมกล่อม,59.43,31,"{""zone"": ""A"", ""section"": ""4"", ""shelf"": ""5"", ""shelf_level"": ""3""}","{""x"": 14.0, ""y"": 2.1, ""z"": 12.0}"
PRD-9BF8C0A9,ซอสหอยนางรม แพ็คคู่,แม่ครัว,อาหาร/เครื่องปรุง,อยากผัดผักให้สีสวย รสชาติกลมกล่อม,64.55,6,"{""zone"": ""A"", ""section"": ""4"", ""shelf"": ""4"", ""shelf_level"": ""1""}","{""x"": 16.5, ""y"": 0.5, ""z"": 12.0}"
PRD-EAA06A2D,ซีอิ๊วขาว,เด็กสมบูรณ์,อาหาร/เครื่องปรุง,ทำน้ำซุป อยากให้รสชาติกลมกล่อม หอมน่ากิน,32.34,11,"{""zone"": ""A"", ""section"": ""4"", ""shelf"": ""4"", ""shelf_level"": ""1""}","{""x"": 16.5, ""y"": 0.5, ""z"": 12.0}"
PRD-8DD22BBD,ซีอิ๊วขาว แพ็คคู่,เด็กสมบูรณ์,อาหาร/เครื่องปรุง,ทำน้ำซุป อยากให้รสชาติกลมกล่อม หอมน่ากิน,68.62,8,"{""zone"": ""A"", ""section"": ""4"", ""shelf"": ""6"", ""shelf_level"": ""3""}","{""x"": 11.5, ""y"": 2.1, ""z"": 12.0}"
PRD-535E7827,ซีอิ๊วขาว รสชาติใหม่,เด็กสมบูรณ์,อาหาร/เครื่องปรุง,ทำน้ำซุป อยากให้รสชาติกลมกล่อม หอมน่ากิน,46.46,40,"{""zone"": ""A"", ""section"": ""4"", ""shelf"": ""5"", ""shelf_level"": ""3""}","{""x"": 14.0, ""y"": 2.1, ""z"": 12.0}"
PRD-B9B08A30,ซีอิ๊วขาว แพ็คคู่,เด็กสมบูรณ์,อาหาร/เครื่องปรุง,ทำน้ำซุป อยากให้รสชาติกลมกล่อม หอมน่ากิน,63.86,13,"{""zone"": ""A"", ""section"": ""4"", ""shelf"": ""2"", ""shelf_level"": ""3""}","{""x"": 3.5, ""y"": 2.1, ""z"": 12.0}"
PRD-F088896C,น้ำตาลทราย,มิตรผล,อาหาร/เครื่องปรุง,ต้องการความหวาน เพิ่มรสชาติให้เมนูอาหาร,20.09,50,"{""zone"": ""A"", ""section"": ""4"", ""shelf"": ""4"", ""shelf_level"": ""2""}","{""x"": 16.5, ""y"": 1.3, ""z"": 12.0}"
PRD-CD9FF607,น้ำตาลทราย รสชาติใหม่,มิตรผล,อาหาร/เครื่องปรุง,ต้องการความหวาน เพิ่มรสชาติให้เมนูอาหาร,23.16,50,"{""zone"": ""A"", ""section"": ""4"", ""shelf"": ""4"", ""shelf_level"": ""1""}","{""x"": 16.5, ""y"": 0.5, ""z"": 12.0}"
PRD-D19F6693,น้ำตาลทราย ขนาดเล็ก,มิตรผล,อาหาร/เครื่องปรุง,ต้องการความหวาน เพิ่มรสชาติให้เมนูอาหาร,19.88,34,"{""zone"": ""A"", ""section"": ""4"", ""shelf"": ""1"", ""shelf_level"": ""1""}","{""x"": 1.0, ""y"": 0.5, ""z"": 12.0}"
PRD-0B1981EB,ผงชูรส,อายิโนะโมะโต๊ะ,อาหาร/เครื่องปรุง,ทำอาหารแล้วรู้สึกว่ายังขาดความนัว ต้องเติมความอร่อย,32.47,25,"{""zone"": ""A"", ""section"": ""4"", ""shelf"": ""4"", ""shelf_level"": ""2""}","{""x"": 16.5, ""y"": 1.3, ""z"": 12.0}"
PRD-5B7170D2,ผงชูรส แพ็คคู่,อายิโนะโมะโต๊ะ,อาหาร/เครื่องปรุง,ทำอาหารแล้วรู้สึกว่ายังขาดความนัว ต้องเติมความอร่อย,39.36,41,"{""zone"": ""A"", ""section"": ""4"", ""shelf"": ""4"", ""shelf_level"": ""2""}","{""x"": 16.5, ""y"": 1.3, ""z"": 12.0}"
PRD-2FC7A8E8,ผงชูรส ขนาดใหญ่,อายิโนะโมะโต๊ะ,อาหาร/เครื่องปรุง,ทำอาหารแล้วรู้สึกว่ายังขาดความนัว ต้องเติมความอร่อย,46.3,34,"{""zone"": ""A"", ""section"": ""4"", ""shelf"": ""3"", ""shelf_level"": ""3""}","{""x"": 6.0, ""y"": 2.1, ""z"": 12.0}"
PRD-665629AD,ผงชูรส ขนาดเล็ก,อายิโนะโมะโต๊ะ,อาหาร/เครื่องปรุง,ทำอาหารแล้วรู้สึกว่ายังขาดความนัว ต้องเติมความอร่อย,22.25,33,"{""zone"": ""A"", ""section"": ""4"", ""shelf"": ""1"", ""shelf_level"": ""2""}","{""x"": 1.0, ""y"": 1.3, ""z"": 12.0}"
PRD-43201163,ผงชูรส รสชาติใหม่,อายิโนะโมะโต๊ะ,อาหาร/เครื่องปรุง,ทำอาหารแล้วรู้สึกว่ายังขาดความนัว ต้องเติมความอร่อย,32.81,9,"{""zone"": ""A"", ""section"": ""4"", ""shelf"": ""3"", ""shelf_level"": ""2""}","{""x"": 6.0, ""y"": 1.3, ""z"": 12.0}"
PRD-A9657162,ขนมปังแผ่น,ฟาร์มเฮ้าส์,อาหาร/เบเกอรี่,รีบๆ ตอนเช้า อยากได้อะไรทาแยมกินรองท้อง,35.35,22,"{""zone"": ""A"", ""section"": ""5"", ""shelf"": ""2"", ""shelf_level"": ""1""}","{""x"": 3.5, ""y"": 0.5, ""z"": 15.0}"
PRD-DA905BA7,ขนมปังแผ่น แพ็คคู่,ฟาร์มเฮ้าส์,อาหาร/เบเกอรี่,รีบๆ ตอนเช้า อยากได้อะไรทาแยมกินรองท้อง,57.14,13,"{""zone"": ""A"", ""section"": ""5"", ""shelf"": ""5"", ""shelf_level"": ""2""}","{""x"": 14.0, ""y"": 1.3, ""z"": 15.0}"
PRD-CABD6179,ขนมปังแผ่น แพ็คคู่,ฟาร์มเฮ้าส์,อาหาร/เบเกอรี่,รีบๆ ตอนเช้า อยากได้อะไรทาแยมกินรองท้อง,79.03,30,"{""zone"": ""A"", ""section"": ""5"", ""shelf"": ""3"", ""shelf_level"": ""3""}","{""x"": 6.0, ""y"": 2.1, ""z"": 15.0}"
PRD-2238B7E4,ขนมปังแผ่น ขนาดใหญ่,ฟาร์มเฮ้าส์,อาหาร/เบเกอรี่,รีบๆ ตอนเช้า อยากได้อะไรทาแยมกินรองท้อง,53.97,45,"{""zone"": ""A"", ""section"": ""5"", ""shelf"": ""1"", ""shelf_level"": ""1""}","{""x"": 1.0, ""y"": 0.5, ""z"": 15.0}"
PRD-E4C7E332,ขนมปังแผ่น รสชาติใหม่,ฟาร์มเฮ้าส์,อาหาร/เบเกอรี่,รีบๆ ตอนเช้า อยากได้อะไรทาแยมกินรองท้อง,48.32,8,"{""zone"": ""A"", ""section"": ""5"", ""shelf"": ""5"", ""shelf_level"": ""2""}","{""x"": 14.0, ""y"": 1.3, ""z"": 15.0}"
PRD-BE16BF75,ครัวซองต์เนยสด,เอพลัส,อาหาร/เบเกอรี่,อยากกินขนมปังหอมกลิ่นเนย คู่กับกาแฟยามเช้า,24.86,8,"{""zone"": ""A"", ""section"": ""5"", ""shelf"": ""3"", ""shelf_level"": ""1""}","{""x"": 6.0, ""y"": 0.5, ""z"": 15.0}"
PRD-430281A2,ครัวซองต์เนยสด ขนาดใหญ่,เอพลัส,อาหาร/เบเกอรี่,อยากกินขนมปังหอมกลิ่นเนย คู่กับกาแฟยามเช้า,45.89,2,"{""zone"": ""A"", ""section"": ""5"", ""shelf"": ""2"", ""shelf_level"": ""1""}","{""x"": 3.5, ""y"": 0.5, ""z"": 15.0}"
PRD-1A7D995C,ครัวซองต์เนยสด ขนาดใหญ่,เอพลัส,อาหาร/เบเกอรี่,อยากกินขนมปังหอมกลิ่นเนย คู่กับกาแฟยามเช้า,42.28,46,"{""zone"": ""A"", ""section"": ""5"", ""shelf"": ""4"", ""shelf_level"": ""1""}","{""x"": 16.5, ""y"": 0.5, ""z"": 15.0}"
PRD-AE898C76,เค้กกล้วยหอม,เลอแปง,อาหาร/เบเกอรี่,หิวของหวานตอนบ่าย อยากได้เค้กนุ่มๆ หอมกล้วย,14.01,10,"{""zone"": ""A"", ""section"": ""5"", ""shelf"": ""1"", ""shelf_level"": ""2""}","{""x"": 1.0, ""y"": 1.3, ""z"": 15.0}"
PRD-F4BA2BFE,เค้กกล้วยหอม แพ็คคู่,เลอแปง,อาหาร/เบเกอรี่,หิวของหวานตอนบ่าย อยากได้เค้กนุ่มๆ หอมกล้วย,26.37,13,"{""zone"": ""A"", ""section"": ""5"", ""shelf"": ""2"", ""shelf_level"": ""2""}","{""x"": 3.5, ""y"": 1.3, ""z"": 15.0}"
PRD-C8432C29,เค้กกล้วยหอม แพ็คคู่,เลอแปง,อาหาร/เบเกอรี่,หิวของหวานตอนบ่าย อยากได้เค้กนุ่มๆ หอมกล้วย,26.77,45,"{""zone"": ""A"", ""section"": ""5"", ""shelf"": ""4"", ""shelf_level"": ""2""}","{""x"": 16.5, ""y"": 1.3, ""z"": 15.0}"
PRD-A8F64742,แซนวิชแฮมชีส,โออิชิ,อาหาร/เบเกอรี่,หิวข้าวเช้าหรือบ่าย ต้องการมื้อด่วน อิ่มอร่อย,42.83,34,"{""zone"": ""A"", ""section"": ""5"", ""shelf"": ""5"", ""shelf_level"": ""3""}","{""x"": 14.0, ""y"": 2.1, ""z"": 15.0}"
PRD-2356EA86,แซนวิชแฮมชีส แพ็คคู่,โออิชิ,อาหาร/เบเกอรี่,หิวข้าวเช้าหรือบ่าย ต้องการมื้อด่วน อิ่มอร่อย,39.67,42,"{""zone"": ""A"", ""section"": ""5"", ""shelf"": ""2"", ""shelf_level"": ""2""}","{""x"": 3.5, ""y"": 1.3, ""z"": 15.0}"
PRD-1F203F94,แซนวิชแฮมชีส แพ็คคู่,โออิชิ,อาหาร/เบเกอรี่,หิวข้าวเช้าหรือบ่าย ต้องการมื้อด่วน อิ่มอร่อย,58.42,34,"{""zone"": ""A"", ""section"": ""5"", ""shelf"": ""2"", ""shelf_level"": ""2""}","{""x"": 3.5, ""y"": 1.3, ""z"": 15.0}"
PRD-6DCE3847,แซนวิชแฮมชีส แพ็คคู่,โออิชิ,อาหาร/เบเกอรี่,หิวข้าวเช้าหรือบ่าย ต้องการมื้อด่วน อิ่มอร่อย,42.96,40,"{""zone"": ""A"", ""section"": ""5"", ""shelf"": ""2"", ""shelf_level"": ""1""}","{""x"": 3.5, ""y"": 0.5, ""z"": 15.0}"
PRD-F7B83C4F,แซนวิชแฮมชีส ขนาดเล็ก,โออิชิ,อาหาร/เบเกอรี่,หิวข้าวเช้าหรือบ่าย ต้องการมื้อด่วน อิ่มอร่อย,20.7,27,"{""zone"": ""A"", ""section"": ""5"", ""shelf"": ""5"", ""shelf_level"": ""3""}","{""x"": 14.0, ""y"": 2.1, ""z"": 15.0}"
PRD-174F216E,โดนัทน้ำตาล,มิสเตอร์โดนัท,อาหาร/เบเกอรี่,เครียดๆ อยากเติมความหวานให้ร่างกายสดชื่น,26.57,33,"{""zone"": ""A"", ""section"": ""5"", ""shelf"": ""1"", ""shelf_level"": ""2""}","{""x"": 1.0, ""y"": 1.3, ""z"": 15.0}"
PRD-5186A4C2,โดนัทน้ำตาล ขนาดเล็ก,มิสเตอร์โดนัท,อาหาร/เบเกอรี่,เครียดๆ อยากเติมความหวานให้ร่างกายสดชื่น,14.01,2,"{""zone"": ""A"", ""section"": ""5"", ""shelf"": ""2"", ""shelf_level"": ""2""}","{""x"": 3.5, ""y"": 1.3, ""z"": 15.0}"
PRD-D528E9AC,โดนัทน้ำตาล แพ็คคู่,มิสเตอร์โดนัท,อาหาร/เบเกอรี่,เครียดๆ อยากเติมความหวานให้ร่างกายสดชื่น,30.71,30,"{""zone"": ""A"", ""section"": ""5"", ""shelf"": ""3"", ""shelf_level"": ""2""}","{""x"": 6.0, ""y"": 1.3, ""z"": 15.0}"
PRD-7B7E19E7,ครีมอาบน้ำ,บีโอเร,ของใช้/ดูแลผิวกาย,เหนอะหนะตัว ร้อน เหงื่อออก อยากอาบน้ำให้ผิวสะอาดสดชื่น,114.04,20,"{""zone"": ""B"", ""section"": ""1"", ""shelf"": ""3"", ""shelf_level"": ""3""}","{""x"": 26.0, ""y"": 2.1, ""z"": 3.0}"
PRD-3BBF00B2,ครีมอาบน้ำ ขนาดพกพา,บีโอเร,ของใช้/ดูแลผิวกาย,เหนอะหนะตัว ร้อน เหงื่อออก อยากอาบน้ำให้ผิวสะอาดสดชื่น,104.88,0,"{""zone"": ""B"", ""section"": ""1"", ""shelf"": ""4"", ""shelf_level"": ""2""}","{""x"": 36.5, ""y"": 1.3, ""z"": 3.0}"
PRD-A88A8346,ครีมอาบน้ำ รีฟิล,บีโอเร,ของใช้/ดูแลผิวกาย,เหนอะหนะตัว ร้อน เหงื่อออก อยากอาบน้ำให้ผิวสะอาดสดชื่น,165.07,42,"{""zone"": ""B"", ""section"": ""1"", ""shelf"": ""2"", ""shelf_level"": ""3""}","{""x"": 23.5, ""y"": 2.1, ""z"": 3.0}"
PRD-CD9CB5F2,สบู่ก้อน,นกแก้ว,ของใช้/ดูแลผิวกาย,ชอบอาบน้ำแล้วรู้สึกสะอาดเอี๊ยดๆ กลิ่นหอมติดผิว,46.43,13,"{""zone"": ""B"", ""section"": ""1"", ""shelf"": ""2"", ""shelf_level"": ""2""}","{""x"": 23.5, ""y"": 1.3, ""z"": 3.0}"
PRD-4A3F342C,สบู่ก้อน สุดคุ้ม,นกแก้ว,ของใช้/ดูแลผิวกาย,ชอบอาบน้ำแล้วรู้สึกสะอาดเอี๊ยดๆ กลิ่นหอมติดผิว,61.52,36,"{""zone"": ""B"", ""section"": ""1"", ""shelf"": ""4"", ""shelf_level"": ""3""}","{""x"": 36.5, ""y"": 2.1, ""z"": 3.0}"
PRD-26282C63,สบู่ก้อน รีฟิล,นกแก้ว,ของใช้/ดูแลผิวกาย,ชอบอาบน้ำแล้วรู้สึกสะอาดเอี๊ยดๆ กลิ่นหอมติดผิว,57.02,12,"{""zone"": ""B"", ""section"": ""1"", ""shelf"": ""6"", ""shelf_level"": ""3""}","{""x"": 31.5, ""y"": 2.1, ""z"": 3.0}"
PRD-CD04B20C,สบู่ก้อน รีฟิล,นกแก้ว,ของใช้/ดูแลผิวกาย,ชอบอาบน้ำแล้วรู้สึกสะอาดเอี๊ยดๆ กลิ่นหอมติดผิว,64.49,26,"{""zone"": ""B"", ""section"": ""1"", ""shelf"": ""4"", ""shelf_level"": ""3""}","{""x"": 36.5, ""y"": 2.1, ""z"": 3.0}"
PRD-57959A56,โลชั่นทาผิว,วาสลีน,ของใช้/ดูแลผิวกาย,ผิวแห้งกร้าน ลอกเป็นขุย อยากให้ผิวชุ่มชื้นนุ่มเด้ง,123.32,26,"{""zone"": ""B"", ""section"": ""1"", ""shelf"": ""1"", ""shelf_level"": ""3""}","{""x"": 21.0, ""y"": 2.1, ""z"": 3.0}"
PRD-1257ACE6,โลชั่นทาผิว รีฟิล,วาสลีน,ของใช้/ดูแลผิวกาย,ผิวแห้งกร้าน ลอกเป็นขุย อยากให้ผิวชุ่มชื้นนุ่มเด้ง,222.78,12,"{""zone"": ""B"", ""section"": ""1"", ""shelf"": ""4"", ""shelf_level"": ""2""}","{""x"": 36.5, ""y"": 1.3, ""z"": 3.0}"
PRD-4E89E95E,โลชั่นทาผิว สุดคุ้ม,วาสลีน,ของใช้/ดูแลผิวกาย,ผิวแห้งกร้าน ลอกเป็นขุย อยากให้ผิวชุ่มชื้นนุ่มเด้ง,181.8,43,"{""zone"": ""B"", ""section"": ""1"", ""shelf"": ""5"", ""shelf_level"": ""3""}","{""x"": 34.0, ""y"": 2.1, ""z"": 3.0}"
PRD-016E70FB,โรลออนระงับกลิ่นกาย,นีเวีย,ของใช้/ดูแลผิวกาย,ไม่มั่นใจเรื่องกลิ่นเต่า กังวลเหงื่อใต้วงแขน,87.74,41,"{""zone"": ""B"", ""section"": ""1"", ""shelf"": ""4"", ""shelf_level"": ""3""}","{""x"": 36.5, ""y"": 2.1, ""z"": 3.0}"
PRD-679D46C4,โรลออนระงับกลิ่นกาย รีฟิล,นีเวีย,ของใช้/ดูแลผิวกาย,ไม่มั่นใจเรื่องกลิ่นเต่า กังวลเหงื่อใต้วงแขน,130.78,8,"{""zone"": ""B"", ""section"": ""1"", ""shelf"": ""5"", ""shelf_level"": ""3""}","{""x"": 34.0, ""y"": 2.1, ""z"": 3.0}"
PRD-C4B444E4,โรลออนระงับกลิ่นกาย รีฟิล,นีเวีย,ของใช้/ดูแลผิวกาย,ไม่มั่นใจเรื่องกลิ่นเต่า กังวลเหงื่อใต้วงแขน,97.17,33,"{""zone"": ""B"", ""section"": ""1"", ""shelf"": ""3"", ""shelf_level"": ""1""}","{""x"": 26.0, ""y"": 0.5, ""z"": 3.0}"
PRD-6DD8B8C1,แป้งเย็น,ตรางู,ของใช้/ดูแลผิวกาย,อากาศร้อนจัด ทนไม่ไหว อยากทาแป้งให้เย็นยะเยือก,75.13,40,"{""zone"": ""B"", ""section"": ""1"", ""shelf"": ""1"", ""shelf_level"": ""1""}","{""x"": 21.0, ""y"": 0.5, ""z"": 3.0}"
PRD-23A1877D,แป้งเย็น ขนาดพกพา,ตรางู,ของใช้/ดูแลผิวกาย,อากาศร้อนจัด ทนไม่ไหว อยากทาแป้งให้เย็นยะเยือก,44.49,47,"{""zone"": ""B"", ""section"": ""1"", ""shelf"": ""2"", ""shelf_level"": ""1""}","{""x"": 23.5, ""y"": 0.5, ""z"": 3.0}"
PRD-6FD3D54E,แป้งเย็น รีฟิล,ตรางู,ของใช้/ดูแลผิวกาย,อากาศร้อนจัด ทนไม่ไหว อยากทาแป้งให้เย็นยะเยือก,57.04,49,"{""zone"": ""B"", ""section"": ""1"", ""shelf"": ""3"", ""shelf_level"": ""1""}","{""x"": 26.0, ""y"": 0.5, ""z"": 3.0}"
PRD-DD5C8271,แป้งเย็น ขนาดพกพา,ตรางู,ของใช้/ดูแลผิวกาย,อากาศร้อนจัด ทนไม่ไหว อยากทาแป้งให้เย็นยะเยือก,36.43,45,"{""zone"": ""B"", ""section"": ""1"", ""shelf"": ""3"", ""shelf_level"": ""1""}","{""x"": 26.0, ""y"": 0.5, ""z"": 3.0}"
PRD-04236AC2,แชมพูขจัดรังแค,เฮดแอนด์โชว์เดอร์,ของใช้/ดูแลเส้นผม,คันหัว รังแคตกใส่เสื้อดำ ขาดความมั่นใจ,143.1,34,"{""zone"": ""B"", ""section"": ""2"", ""shelf"": ""3"", ""shelf_level"": ""3""}","{""x"": 26.0, ""y"": 2.1, ""z"": 6.0}"
PRD-B24E5F92,แชมพูขจัดรังแค รีฟิล,เฮดแอนด์โชว์เดอร์,ของใช้/ดูแลเส้นผม,คันหัว รังแคตกใส่เสื้อดำ ขาดความมั่นใจ,142.35,35,"{""zone"": ""B"", ""section"": ""2"", ""shelf"": ""4"", ""shelf_level"": ""2""}","{""x"": 36.5, ""y"": 1.3, ""z"": 6.0}"
PRD-CB80FEFE,แชมพูขจัดรังแค ขนาดพกพา,เฮดแอนด์โชว์เดอร์,ของใช้/ดูแลเส้นผม,คันหัว รังแคตกใส่เสื้อดำ ขาดความมั่นใจ,83.71,12,"{""zone"": ""B"", ""section"": ""2"", ""shelf"": ""3"", ""shelf_level"": ""1""}","{""x"": 26.0, ""y"": 0.5, ""z"": 6.0}"
PRD-53A1997E,แชมพูขจัดรังแค สุดคุ้ม,เฮดแอนด์โชว์เดอร์,ของใช้/ดูแลเส้นผม,คันหัว รังแคตกใส่เสื้อดำ ขาดความมั่นใจ,120.03,45,"{""zone"": ""B"", ""section"": ""2"", ""shelf"": ""6"", ""shelf_level"": ""2""}","{""x"": 31.5, ""y"": 1.3, ""z"": 6.0}"
PRD-8F661F1C,ครีมนวดผม,แพนทีน,ของใช้/ดูแลเส้นผม,ผมแห้งเสีย ชี้ฟู หวีพันกัน อยากให้ผมลื่นนุ่มสลวย,186.55,16,"{""zone"": ""B"", ""section"": ""2"", ""shelf"": ""5"", ""shelf_level"": ""1""}","{""x"": 34.0, ""y"": 0.5, ""z"": 6.0}"
PRD-1B8778D8,ครีมนวดผม ขนาดพกพา,แพนทีน,ของใช้/ดูแลเส้นผม,ผมแห้งเสีย ชี้ฟู หวีพันกัน อยากให้ผมลื่นนุ่มสลวย,91.12,8,"{""zone"": ""B"", ""section"": ""2"", ""shelf"": ""1"", ""shelf_level"": ""1""}","{""x"": 21.0, ""y"": 0.5, ""z"": 6.0}"
PRD-23A10E04,ครีมนวดผม ขนาดพกพา,แพนทีน,ของใช้/ดูแลเส้นผม,ผมแห้งเสีย ชี้ฟู หวีพันกัน อยากให้ผมลื่นนุ่มสลวย,92.17,31,"{""zone"": ""B"", ""section"": ""2"", ""shelf"": ""2"", ""shelf_level"": ""1""}","{""x"": 23.5, ""y"": 0.5, ""z"": 6.0}"
PRD-04F9A121,ครีมนวดผม รีฟิล,แพนทีน,ของใช้/ดูแลเส้นผม,ผมแห้งเสีย ชี้ฟู หวีพันกัน อยากให้ผมลื่นนุ่มสลวย,125.29,40,"{""zone"": ""B"", ""section"": ""2"", ""shelf"": ""5"", ""shelf_level"": ""1""}","{""x"": 34.0, ""y"": 0.5, ""z"": 6.0}"
PRD-CC2DFD06,เซรั่มบำรุงผม,ลอรีอัล,ของใช้/ดูแลเส้นผม,ผมแตกปลาย ไม่มีน้ำหนัก อยากบำรุงขั้นสุด,220.41,45,"{""zone"": ""B"", ""section"": ""2"", ""shelf"": ""6"", ""shelf_level"": ""1""}","{""x"": 31.5, ""y"": 0.5, ""z"": 6.0}"
PRD-EA559782,เซรั่มบำรุงผม สุดคุ้ม,ลอรีอัล,ของใช้/ดูแลเส้นผม,ผมแตกปลาย ไม่มีน้ำหนัก อยากบำรุงขั้นสุด,260.7,27,"{""zone"": ""B"", ""section"": ""2"", ""shelf"": ""1"", ""shelf_level"": ""1""}","{""x"": 21.0, ""y"": 0.5, ""z"": 6.0}"
PRD-8A424607,เซรั่มบำรุงผม รีฟิล,ลอรีอัล,ของใช้/ดูแลเส้นผม,ผมแตกปลาย ไม่มีน้ำหนัก อยากบำรุงขั้นสุด,178.97,20,"{""zone"": ""B"", ""section"": ""2"", ""shelf"": ""2"", ""shelf_level"": ""2""}","{""x"": 23.5, ""y"": 1.3, ""z"": 6.0}"
PRD-30EBFECF,เซรั่มบำรุงผม รีฟิล,ลอรีอัล,ของใช้/ดูแลเส้นผม,ผมแตกปลาย ไม่มีน้ำหนัก อยากบำรุงขั้นสุด,179.49,42,"{""zone"": ""B"", ""section"": ""2"", ""shelf"": ""5"", ""shelf_level"": ""3""}","{""x"": 34.0, ""y"": 2.1, ""z"": 6.0}"
PRD-840E8626,เจลแต่งผม,แกสบี้,ของใช้/จัดแต่งทรงผม,หัวฟูไม่เป็นทรง อยากจัดทรงผมให้หล่อเป๊ะทั้งวัน,120.06,24,"{""zone"": ""B"", ""section"": ""2"", ""shelf"": ""5"", ""shelf_level"": ""1""}","{""x"": 34.0, ""y"": 0.5, ""z"": 6.0}"
PRD-5E7F596E,เจลแต่งผม ขนาดพกพา,แกสบี้,ของใช้/จัดแต่งทรงผม,หัวฟูไม่เป็นทรง อยากจัดทรงผมให้หล่อเป๊ะทั้งวัน,54.81,33,"{""zone"": ""B"", ""section"": ""2"", ""shelf"": ""1"", ""shelf_level"": ""1""}","{""x"": 21.0, ""y"": 0.5, ""z"": 6.0}"
PRD-7631FB2F,เจลแต่งผม สุดคุ้ม,แกสบี้,ของใช้/จัดแต่งทรงผม,หัวฟูไม่เป็นทรง อยากจัดทรงผมให้หล่อเป๊ะทั้งวัน,125.56,45,"{""zone"": ""B"", ""section"": ""2"", ""shelf"": ""6"", ""shelf_level"": ""2""}","{""x"": 31.5, ""y"": 1.3, ""z"": 6.0}"
PRD-30CE9540,เจลแต่งผม รีฟิล,แกสบี้,ของใช้/จัดแต่งทรงผม,หัวฟูไม่เป็นทรง อยากจัดทรงผมให้หล่อเป๊ะทั้งวัน,79.66,20,"{""zone"": ""B"", ""section"": ""2"", ""shelf"": ""6"", ""shelf_level"": ""2""}","{""x"": 31.5, ""y"": 1.3, ""z"": 6.0}"
PRD-846DAD85,แชมพูสระแห้ง (Dry Shampoo),บาติส,ของใช้/ดูแลเส้นผม,หัวมันแต่ขี้เกียจสระผม หรือรีบมากไม่มีเวลาสระ,265.36,50,"{""zone"": ""B"", ""section"": ""2"", ""shelf"": ""5"", ""shelf_level"": ""2""}","{""x"": 34.0, ""y"": 1.3, ""z"": 6.0}"
PRD-96E0A62B,แชมพูสระแห้ง (Dry Shampoo) ขนาดพกพา,บาติส,ของใช้/ดูแลเส้นผม,หัวมันแต่ขี้เกียจสระผม หรือรีบมากไม่มีเวลาสระ,155.7,5,"{""zone"": ""B"", ""section"": ""2"", ""shelf"": ""3"", ""shelf_level"": ""1""}","{""x"": 26.0, ""y"": 0.5, ""z"": 6.0}"
PRD-EB31C677,แชมพูสระแห้ง (Dry Shampoo) ขนาดพกพา,บาติส,ของใช้/ดูแลเส้นผม,หัวมันแต่ขี้เกียจสระผม หรือรีบมากไม่มีเวลาสระ,200.8,29,"{""zone"": ""B"", ""section"": ""2"", ""shelf"": ""2"", ""shelf_level"": ""2""}","{""x"": 23.5, ""y"": 1.3, ""z"": 6.0}"
PRD-EF61C69A,แชมพูสระแห้ง (Dry Shampoo) ขนาดพกพา,บาติส,ของใช้/ดูแลเส้นผม,หัวมันแต่ขี้เกียจสระผม หรือรีบมากไม่มีเวลาสระ,183.77,41,"{""zone"": ""B"", ""section"": ""2"", ""shelf"": ""5"", ""shelf_level"": ""2""}","{""x"": 34.0, ""y"": 1.3, ""z"": 6.0}"
PRD-2DE42B5F,แชมพูสระแห้ง (Dry Shampoo) สุดคุ้ม,บาติส,ของใช้/ดูแลเส้นผม,หัวมันแต่ขี้เกียจสระผม หรือรีบมากไม่มีเวลาสระ,363.69,44,"{""zone"": ""B"", ""section"": ""2"", ""shelf"": ""2"", ""shelf_level"": ""3""}","{""x"": 23.5, ""y"": 2.1, ""z"": 6.0}"
PRD-377962A6,ยาสีฟัน สูตรเย็น,คอลเกต,ของใช้/ดูแลช่องปาก,เพิ่งตื่นนอน ปากเหม็น อยากแปรงฟันให้ลมหายใจสดชื่น,45.41,46,"{""zone"": ""B"", ""section"": ""3"", ""shelf"": ""6"", ""shelf_level"": ""1""}","{""x"": 31.5, ""y"": 0.5, ""z"": 9.0}"
PRD-A6C9092B,ยาสีฟัน สูตรเย็น สุดคุ้ม,คอลเกต,ของใช้/ดูแลช่องปาก,เพิ่งตื่นนอน ปากเหม็น อยากแปรงฟันให้ลมหายใจสดชื่น,60.0,25,"{""zone"": ""B"", ""section"": ""3"", ""shelf"": ""3"", ""shelf_level"": ""3""}","{""x"": 26.0, ""y"": 2.1, ""z"": 9.0}"
PRD-EF399B64,ยาสีฟัน สูตรเย็น ขนาดพกพา,คอลเกต,ของใช้/ดูแลช่องปาก,เพิ่งตื่นนอน ปากเหม็น อยากแปรงฟันให้ลมหายใจสดชื่น,31.63,48,"{""zone"": ""B"", ""section"": ""3"", ""shelf"": ""2"", ""shelf_level"": ""1""}","{""x"": 23.5, ""y"": 0.5, ""z"": 9.0}"
PRD-30CDA9D6,แปรงสีฟัน ขนนุ่ม,ซิสเท็มม่า,ของใช้/ดูแลช่องปาก,แปรงอันเก่าบานหมดแล้ว แปรงแล้วเจ็บเหงือก อยากเปลี่ยนใหม่,29.84,45,"{""zone"": ""B"", ""section"": ""3"", ""shelf"": ""5"", ""shelf_level"": ""2""}","{""x"": 34.0, ""y"": 1.3, ""z"": 9.0}"
PRD-960C4D01,แปรงสีฟัน ขนนุ่ม ขนาดพกพา,ซิสเท็มม่า,ของใช้/ดูแลช่องปาก,แปรงอันเก่าบานหมดแล้ว แปรงแล้วเจ็บเหงือก อยากเปลี่ยนใหม่,25.83,39,"{""zone"": ""B"", ""section"": ""3"", ""shelf"": ""2"", ""shelf_level"": ""2""}","{""x"": 23.5, ""y"": 1.3, ""z"": 9.0}"
PRD-F7EB8B18,แปรงสีฟัน ขนนุ่ม รีฟิล,ซิสเท็มม่า,ของใช้/ดูแลช่องปาก,แปรงอันเก่าบานหมดแล้ว แปรงแล้วเจ็บเหงือก อยากเปลี่ยนใหม่,45.52,43,"{""zone"": ""B"", ""section"": ""3"", ""shelf"": ""2"", ""shelf_level"": ""2""}","{""x"": 23.5, ""y"": 1.3, ""z"": 9.0}"
PRD-3C0549DF,แปรงสีฟัน ขนนุ่ม รีฟิล,ซิสเท็มม่า,ของใช้/ดูแลช่องปาก,แปรงอันเก่าบานหมดแล้ว แปรงแล้วเจ็บเหงือก อยากเปลี่ยนใหม่,33.54,19,"{""zone"": ""B"", ""section"": ""3"", ""shelf"": ""3"", ""shelf_level"": ""3""}","{""x"": 26.0, ""y"": 2.1, ""z"": 9.0}"
PRD-481B6E65,แปรงสีฟัน ขนนุ่ม รีฟิล,ซิสเท็มม่า,ของใช้/ดูแลช่องปาก,แปรงอันเก่าบานหมดแล้ว แปรงแล้วเจ็บเหงือก อยากเปลี่ยนใหม่,47.56,7,"{""zone"": ""B"", ""section"": ""3"", ""shelf"": ""5"", ""shelf_level"": ""2""}","{""x"": 34.0, ""y"": 1.3, ""z"": 9.0}"
PRD-8897D1FB,น้ำยาบ้วนปาก,ลิสเตอรีน,ของใช้/ดูแลช่องปาก,เพิ่งกินอาหารกลิ่นแรง ไม่มั่นใจ อยากกลั้วปากให้สะอาด,74.48,0,"{""zone"": ""B"", ""section"": ""3"", ""shelf"": ""2"", ""shelf_level"": ""1""}","{""x"": 23.5, ""y"": 0.5, ""z"": 9.0}"
PRD-FBFA9B28,น้ำยาบ้วนปาก สุดคุ้ม,ลิสเตอรีน,ของใช้/ดูแลช่องปาก,เพิ่งกินอาหารกลิ่นแรง ไม่มั่นใจ อยากกลั้วปากให้สะอาด,84.81,7,"{""zone"": ""B"", ""section"": ""3"", ""shelf"": ""4"", ""shelf_level"": ""1""}","{""x"": 36.5, ""y"": 0.5, ""z"": 9.0}"
PRD-0536BBE6,น้ำยาบ้วนปาก ขนาดพกพา,ลิสเตอรีน,ของใช้/ดูแลช่องปาก,เพิ่งกินอาหารกลิ่นแรง ไม่มั่นใจ อยากกลั้วปากให้สะอาด,48.65,5,"{""zone"": ""B"", ""section"": ""3"", ""shelf"": ""5"", ""shelf_level"": ""3""}","{""x"": 34.0, ""y"": 2.1, ""z"": 9.0}"
PRD-11B1FC69,น้ำยาบ้วนปาก รีฟิล,ลิสเตอรีน,ของใช้/ดูแลช่องปาก,เพิ่งกินอาหารกลิ่นแรง ไม่มั่นใจ อยากกลั้วปากให้สะอาด,98.45,49,"{""zone"": ""B"", ""section"": ""3"", ""shelf"": ""6"", ""shelf_level"": ""1""}","{""x"": 31.5, ""y"": 0.5, ""z"": 9.0}"
PRD-BDE080D8,ไหมขัดฟัน,ออรัลบี,ของใช้/ดูแลช่องปาก,เศษอาหารติดซอกฟัน แปรงไม่ออก รำคาญมาก,88.76,20,"{""zone"": ""B"", ""section"": ""3"", ""shelf"": ""5"", ""shelf_level"": ""3""}","{""x"": 34.0, ""y"": 2.1, ""z"": 9.0}"
PRD-C10C3C38,ไหมขัดฟัน รีฟิล,ออรัลบี,ของใช้/ดูแลช่องปาก,เศษอาหารติดซอกฟัน แปรงไม่ออก รำคาญมาก,58.45,31,"{""zone"": ""B"", ""section"": ""3"", ""shelf"": ""5"", ""shelf_level"": ""2""}","{""x"": 34.0, ""y"": 1.3, ""z"": 9.0}"
PRD-4FE816F6,ไหมขัดฟัน สุดคุ้ม,ออรัลบี,ของใช้/ดูแลช่องปาก,เศษอาหารติดซอกฟัน แปรงไม่ออก รำคาญมาก,83.73,1,"{""zone"": ""B"", ""section"": ""3"", ""shelf"": ""5"", ""shelf_level"": ""1""}","{""x"": 34.0, ""y"": 0.5, ""z"": 9.0}"
PRD-A1D2229B,ไหมขัดฟัน ขนาดพกพา,ออรัลบี,ของใช้/ดูแลช่องปาก,เศษอาหารติดซอกฟัน แปรงไม่ออก รำคาญมาก,39.33,9,"{""zone"": ""B"", ""section"": ""3"", ""shelf"": ""6"", ""shelf_level"": ""1""}","{""x"": 31.5, ""y"": 0.5, ""z"": 9.0}"
PRD-325BA180,ไหมขัดฟัน รีฟิล,ออรัลบี,ของใช้/ดูแลช่องปาก,เศษอาหารติดซอกฟัน แปรงไม่ออก รำคาญมาก,54.0,42,"{""zone"": ""B"", ""section"": ""3"", ""shelf"": ""5"", ""shelf_level"": ""3""}","{""x"": 34.0, ""y"": 2.1, ""z"": 9.0}"
PRD-CF0A013E,สเปรย์ระงับกลิ่นปาก,สเปียร์มินต์,ของใช้/ดูแลช่องปาก,ต้องไปเจอผู้คนแต่ลืมแปรงฟัน ต้องการตัวช่วยด่วน,165.87,39,"{""zone"": ""B"", ""section"": ""3"", ""shelf"": ""6"", ""shelf_level"": ""2""}","{""x"": 31.5, ""y"": 1.3, ""z"": 9.0}"
PRD-4CB0D407,สเปรย์ระงับกลิ่นปาก สุดคุ้ม,สเปียร์มินต์,ของใช้/ดูแลช่องปาก,ต้องไปเจอผู้คนแต่ลืมแปรงฟัน ต้องการตัวช่วยด่วน,115.63,42,"{""zone"": ""B"", ""section"": ""3"", ""shelf"": ""6"", ""shelf_level"": ""2""}","{""x"": 31.5, ""y"": 1.3, ""z"": 9.0}"
PRD-E599B51B,สเปรย์ระงับกลิ่นปาก สุดคุ้ม,สเปียร์มินต์,ของใช้/ดูแลช่องปาก,ต้องไปเจอผู้คนแต่ลืมแปรงฟัน ต้องการตัวช่วยด่วน,176.66,33,"{""zone"": ""B"", ""section"": ""3"", ""shelf"": ""4"", ""shelf_level"": ""3""}","{""x"": 36.5, ""y"": 2.1, ""z"": 9.0}"
PRD-52D2AE30,ผงซักฟอก,บรีส,ของใช้/ซักล้าง,เสื้อผ้าเลอะคราบสกปรก อยากซักให้ขาวสะอาด,122.65,3,"{""zone"": ""B"", ""section"": ""4"", ""shelf"": ""3"", ""shelf_level"": ""3""}","{""x"": 26.0, ""y"": 2.1, ""z"": 12.0}"
PRD-EFB57B39,ผงซักฟอก สุดคุ้ม,บรีส,ของใช้/ซักล้าง,เสื้อผ้าเลอะคราบสกปรก อยากซักให้ขาวสะอาด,128.5,38,"{""zone"": ""B"", ""section"": ""4"", ""shelf"": ""4"", ""shelf_level"": ""2""}","{""x"": 36.5, ""y"": 1.3, ""z"": 12.0}"
PRD-7C0CE38E,ผงซักฟอก รีฟิล,บรีส,ของใช้/ซักล้าง,เสื้อผ้าเลอะคราบสกปรก อยากซักให้ขาวสะอาด,108.66,23,"{""zone"": ""B"", ""section"": ""4"", ""shelf"": ""5"", ""shelf_level"": ""1""}","{""x"": 34.0, ""y"": 0.5, ""z"": 12.0}"
PRD-D6635BA6,ผงซักฟอก ขนาดพกพา,บรีส,ของใช้/ซักล้าง,เสื้อผ้าเลอะคราบสกปรก อยากซักให้ขาวสะอาด,66.73,46,"{""zone"": ""B"", ""section"": ""4"", ""shelf"": ""3"", ""shelf_level"": ""2""}","{""x"": 26.0, ""y"": 1.3, ""z"": 12.0}"
PRD-C8C75BAD,ผงซักฟอก สุดคุ้ม,บรีส,ของใช้/ซักล้าง,เสื้อผ้าเลอะคราบสกปรก อยากซักให้ขาวสะอาด,129.29,10,"{""zone"": ""B"", ""section"": ""4"", ""shelf"": ""6"", ""shelf_level"": ""3""}","{""x"": 31.5, ""y"": 2.1, ""z"": 12.0}"
PRD-5676F4E9,น้ำยาซักผ้า,โอโม,ของใช้/ซักล้าง,ไม่อยากให้เป็นคราบผงซักฟอกติดเสื้อ ซักง่ายสะอาดลึก,132.35,31,"{""zone"": ""B"", ""section"": ""4"", ""shelf"": ""1"", ""shelf_level"": ""1""}","{""x"": 21.0, ""y"": 0.5, ""z"": 12.0}"
PRD-DC324ABD,น้ำยาซักผ้า สุดคุ้ม,โอโม,ของใช้/ซักล้าง,ไม่อยากให้เป็นคราบผงซักฟอกติดเสื้อ ซักง่ายสะอาดลึก,122.91,12,"{""zone"": ""B"", ""section"": ""4"", ""shelf"": ""2"", ""shelf_level"": ""1""}","{""x"": 23.5, ""y"": 0.5, ""z"": 12.0}"
PRD-23F920FF,น้ำยาซักผ้า ขนาดพกพา,โอโม,ของใช้/ซักล้าง,ไม่อยากให้เป็นคราบผงซักฟอกติดเสื้อ ซักง่ายสะอาดลึก,70.03,31,"{""zone"": ""B"", ""section"": ""4"", ""shelf"": ""6"", ""shelf_level"": ""3""}","{""x"": 31.5, ""y"": 2.1, ""z"": 12.0}"
PRD-92AC4AA6,น้ำยาปรับผ้านุ่ม,ดาวน์นี่,ของใช้/ซักล้าง,เสื้อผ้าเหม็นอับ อยากให้ผ้าหอมฟุ้งติดทนนาน นุ่มใส่สบาย,137.34,11,"{""zone"": ""B"", ""section"": ""4"", ""shelf"": ""2"", ""shelf_level"": ""1""}","{""x"": 23.5, ""y"": 0.5, ""z"": 12.0}"
PRD-03810E63,น้ำยาปรับผ้านุ่ม ขนาดพกพา,ดาวน์นี่,ของใช้/ซักล้าง,เสื้อผ้าเหม็นอับ อยากให้ผ้าหอมฟุ้งติดทนนาน นุ่มใส่สบาย,73.63,9,"{""zone"": ""B"", ""section"": ""4"", ""shelf"": ""6"", ""shelf_level"": ""1""}","{""x"": 31.5, ""y"": 0.5, ""z"": 12.0}"
PRD-F6A3EF89,น้ำยาปรับผ้านุ่ม สุดคุ้ม,ดาวน์นี่,ของใช้/ซักล้าง,เสื้อผ้าเหม็นอับ อยากให้ผ้าหอมฟุ้งติดทนนาน นุ่มใส่สบาย,129.12,21,"{""zone"": ""B"", ""section"": ""4"", ""shelf"": ""2"", ""shelf_level"": ""3""}","{""x"": 23.5, ""y"": 2.1, ""z"": 12.0}"
PRD-6794D03D,น้ำยาปรับผ้านุ่ม รีฟิล,ดาวน์นี่,ของใช้/ซักล้าง,เสื้อผ้าเหม็นอับ อยากให้ผ้าหอมฟุ้งติดทนนาน นุ่มใส่สบาย,114.73,14,"{""zone"": ""B"", ""section"": ""4"", ""shelf"": ""2"", ""shelf_level"": ""1""}","{""x"": 23.5, ""y"": 0.5, ""z"": 12.0}"
PRD-155ADEE0,น้ำยาปรับผ้านุ่ม สุดคุ้ม,ดาวน์นี่,ของใช้/ซักล้าง,เสื้อผ้าเหม็นอับ อยากให้ผ้าหอมฟุ้งติดทนนาน นุ่มใส่สบาย,163.66,9,"{""zone"": ""B"", ""section"": ""4"", ""shelf"": ""1"", ""shelf_level"": ""2""}","{""x"": 21.0, ""y"": 1.3, ""z"": 12.0}"
PRD-6F4B402A,สเปรย์ขจัดคราบ,แอคแทค,ของใช้/ซักล้าง,กินข้าวเลอะเสื้อเป็นคราบฝังลึก ซักไม่ออก,97.3,48,"{""zone"": ""B"", ""section"": ""4"", ""shelf"": ""6"", ""shelf_level"": ""1""}","{""x"": 31.5, ""y"": 0.5, ""z"": 12.0}"
PRD-1D0C279D,สเปรย์ขจัดคราบ ขนาดพกพา,แอคแทค,ของใช้/ซักล้าง,กินข้าวเลอะเสื้อเป็นคราบฝังลึก ซักไม่ออก,57.96,32,"{""zone"": ""B"", ""section"": ""4"", ""shelf"": ""4"", ""shelf_level"": ""1""}","{""x"": 36.5, ""y"": 0.5, ""z"": 12.0}"
PRD-A06AF6A9,สเปรย์ขจัดคราบ สุดคุ้ม,แอคแทค,ของใช้/ซักล้าง,กินข้าวเลอะเสื้อเป็นคราบฝังลึก ซักไม่ออก,100.8,5,"{""zone"": ""B"", ""section"": ""4"", ""shelf"": ""4"", ""shelf_level"": ""2""}","{""x"": 36.5, ""y"": 1.3, ""z"": 12.0}"
PRD-A0C57AA5,น้ำยารีดผ้าเรียบ,ไฟน์ไลน์,ของใช้/ซักล้าง,เสื้อผ้ายับยู่ยี่ รีดลื่นยาก ไม่อยากเสียเวลารีดนาน,46.44,32,"{""zone"": ""B"", ""section"": ""4"", ""shelf"": ""1"", ""shelf_level"": ""3""}","{""x"": 21.0, ""y"": 2.1, ""z"": 12.0}"
PRD-B0BC41FE,น้ำยารีดผ้าเรียบ สุดคุ้ม,ไฟน์ไลน์,ของใช้/ซักล้าง,เสื้อผ้ายับยู่ยี่ รีดลื่นยาก ไม่อยากเสียเวลารีดนาน,42.52,34,"{""zone"": ""B"", ""section"": ""4"", ""shelf"": ""3"", ""shelf_level"": ""2""}","{""x"": 26.0, ""y"": 1.3, ""z"": 12.0}"
PRD-8006B51C,น้ำยารีดผ้าเรียบ รีฟิล,ไฟน์ไลน์,ของใช้/ซักล้าง,เสื้อผ้ายับยู่ยี่ รีดลื่นยาก ไม่อยากเสียเวลารีดนาน,37.62,3,"{""zone"": ""B"", ""section"": ""4"", ""shelf"": ""6"", ""shelf_level"": ""3""}","{""x"": 31.5, ""y"": 2.1, ""z"": 12.0}"
PRD-B71413F8,น้ำยาล้างจาน,ซันไลต์,ของใช้/ล้างจาน,จานมันแผล็บ คาวจัด ขยะแขยงไม่อยากจับ,35.84,40,"{""zone"": ""B"", ""section"": ""5"", ""shelf"": ""6"", ""shelf_level"": ""1""}","{""x"": 31.5, ""y"": 0.5, ""z"": 15.0}"
PRD-FD133AA7,น้ำยาล้างจาน สุดคุ้ม,ซันไลต์,ของใช้/ล้างจาน,จานมันแผล็บ คาวจัด ขยะแขยงไม่อยากจับ,38.84,34,"{""zone"": ""B"", ""section"": ""5"", ""shelf"": ""3"", ""shelf_level"": ""1""}","{""x"": 26.0, ""y"": 0.5, ""z"": 15.0}"
PRD-AFDB662D,น้ำยาล้างจาน ขนาดพกพา,ซันไลต์,ของใช้/ล้างจาน,จานมันแผล็บ คาวจัด ขยะแขยงไม่อยากจับ,24.0,10,"{""zone"": ""B"", ""section"": ""5"", ""shelf"": ""1"", ""shelf_level"": ""1""}","{""x"": 21.0, ""y"": 0.5, ""z"": 15.0}"
PRD-9240FB62,น้ำยาล้างห้องน้ำ,เป็ดโปร,ของใช้/ทำความสะอาด,ส้วมสกปรกมีคราบเหลืองฝังแน่น ทนกลิ่นเหม็นไม่ไหว,57.37,28,"{""zone"": ""B"", ""section"": ""5"", ""shelf"": ""2"", ""shelf_level"": ""2""}","{""x"": 23.5, ""y"": 1.3, ""z"": 15.0}"
PRD-0087C301,น้ำยาล้างห้องน้ำ ขนาดพกพา,เป็ดโปร,ของใช้/ทำความสะอาด,ส้วมสกปรกมีคราบเหลืองฝังแน่น ทนกลิ่นเหม็นไม่ไหว,45.44,33,"{""zone"": ""B"", ""section"": ""5"", ""shelf"": ""2"", ""shelf_level"": ""1""}","{""x"": 23.5, ""y"": 0.5, ""z"": 15.0}"
PRD-F2F30D32,น้ำยาล้างห้องน้ำ ขนาดพกพา,เป็ดโปร,ของใช้/ทำความสะอาด,ส้วมสกปรกมีคราบเหลืองฝังแน่น ทนกลิ่นเหม็นไม่ไหว,43.16,16,"{""zone"": ""B"", ""section"": ""5"", ""shelf"": ""4"", ""shelf_level"": ""1""}","{""x"": 36.5, ""y"": 0.5, ""z"": 15.0}"
PRD-D0C3099E,น้ำยาล้างห้องน้ำ ขนาดพกพา,เป็ดโปร,ของใช้/ทำความสะอาด,ส้วมสกปรกมีคราบเหลืองฝังแน่น ทนกลิ่นเหม็นไม่ไหว,41.34,19,"{""zone"": ""B"", ""section"": ""5"", ""shelf"": ""2"", ""shelf_level"": ""3""}","{""x"": 23.5, ""y"": 2.1, ""z"": 15.0}"
PRD-70CBC21E,น้ำยาล้างห้องน้ำ รีฟิล,เป็ดโปร,ของใช้/ทำความสะอาด,ส้วมสกปรกมีคราบเหลืองฝังแน่น ทนกลิ่นเหม็นไม่ไหว,60.16,10,"{""zone"": ""B"", ""section"": ""5"", ""shelf"": ""6"", ""shelf_level"": ""1""}","{""x"": 31.5, ""y"": 0.5, ""z"": 15.0}"
PRD-4F595539,น้ำยาถูพื้น,มาจิคลีน,ของใช้/ทำความสะอาด,พื้นบ้านเหนียว เดินแล้วหงุดหงิด อยากให้พื้นสะอาดหอม,55.97,31,"{""zone"": ""B"", ""section"": ""5"", ""shelf"": ""5"", ""shelf_level"": ""1""}","{""x"": 34.0, ""y"": 0.5, ""z"": 15.0}"
PRD-A64F0BB8,น้ำยาถูพื้น รีฟิล,มาจิคลีน,ของใช้/ทำความสะอาด,พื้นบ้านเหนียว เดินแล้วหงุดหงิด อยากให้พื้นสะอาดหอม,66.7,7,"{""zone"": ""B"", ""section"": ""5"", ""shelf"": ""2"", ""shelf_level"": ""3""}","{""x"": 23.5, ""y"": 2.1, ""z"": 15.0}"
PRD-EFEACD69,น้ำยาถูพื้น สุดคุ้ม,มาจิคลีน,ของใช้/ทำความสะอาด,พื้นบ้านเหนียว เดินแล้วหงุดหงิด อยากให้พื้นสะอาดหอม,66.32,36,"{""zone"": ""B"", ""section"": ""5"", ""shelf"": ""6"", ""shelf_level"": ""3""}","{""x"": 31.5, ""y"": 2.1, ""z"": 15.0}"
PRD-484E7C02,สเปรย์กำจัดยุง,ไบกอน,ของใช้/กำจัดแมลง,ยุงกัดคันมาก รำคาญนอนไม่หลับ ต้องกำจัด,75.03,20,"{""zone"": ""B"", ""section"": ""5"", ""shelf"": ""4"", ""shelf_level"": ""3""}","{""x"": 36.5, ""y"": 2.1, ""z"": 15.0}"
PRD-7D43359F,สเปรย์กำจัดยุง รีฟิล,ไบกอน,ของใช้/กำจัดแมลง,ยุงกัดคันมาก รำคาญนอนไม่หลับ ต้องกำจัด,80.35,31,"{""zone"": ""B"", ""section"": ""5"", ""shelf"": ""1"", ""shelf_level"": ""3""}","{""x"": 21.0, ""y"": 2.1, ""z"": 15.0}"
PRD-3027B6B0,สเปรย์กำจัดยุง ขนาดพกพา,ไบกอน,ของใช้/กำจัดแมลง,ยุงกัดคันมาก รำคาญนอนไม่หลับ ต้องกำจัด,52.06,4,"{""zone"": ""B"", ""section"": ""5"", ""shelf"": ""6"", ""shelf_level"": ""2""}","{""x"": 31.5, ""y"": 1.3, ""z"": 15.0}"
PRD-8911B2D9,สเปรย์กำจัดยุง ขนาดพกพา,ไบกอน,ของใช้/กำจัดแมลง,ยุงกัดคันมาก รำคาญนอนไม่หลับ ต้องกำจัด,63.25,0,"{""zone"": ""B"", ""section"": ""5"", ""shelf"": ""4"", ""shelf_level"": ""3""}","{""x"": 36.5, ""y"": 2.1, ""z"": 15.0}"
PRD-309F59BE,ถุงขยะดำ,ฮีโร่,ของใช้/เบ็ดเตล็ด,ขยะล้นถัง ไม่มีที่ใส่ ต้องหาถุงมาทิ้งขยะ,51.08,21,"{""zone"": ""B"", ""section"": ""5"", ""shelf"": ""2"", ""shelf_level"": ""2""}","{""x"": 23.5, ""y"": 1.3, ""z"": 15.0}"
PRD-47BEC5CA,ถุงขยะดำ รีฟิล,ฮีโร่,ของใช้/เบ็ดเตล็ด,ขยะล้นถัง ไม่มีที่ใส่ ต้องหาถุงมาทิ้งขยะ,36.27,14,"{""zone"": ""B"", ""section"": ""5"", ""shelf"": ""4"", ""shelf_level"": ""3""}","{""x"": 36.5, ""y"": 2.1, ""z"": 15.0}"
PRD-684675B4,ถุงขยะดำ รีฟิล,ฮีโร่,ของใช้/เบ็ดเตล็ด,ขยะล้นถัง ไม่มีที่ใส่ ต้องหาถุงมาทิ้งขยะ,39.8,48,"{""zone"": ""B"", ""section"": ""5"", ""shelf"": ""2"", ""shelf_level"": ""3""}","{""x"": 23.5, ""y"": 2.1, ""z"": 15.0}"
PRD-1E24A684,ถุงขยะดำ สุดคุ้ม,ฮีโร่,ของใช้/เบ็ดเตล็ด,ขยะล้นถัง ไม่มีที่ใส่ ต้องหาถุงมาทิ้งขยะ,37.91,28,"{""zone"": ""B"", ""section"": ""5"", ""shelf"": ""2"", ""shelf_level"": ""3""}","{""x"": 23.5, ""y"": 2.1, ""z"": 15.0}"
PRD-C04C5886,ถุงขยะดำ สุดคุ้ม,ฮีโร่,ของใช้/เบ็ดเตล็ด,ขยะล้นถัง ไม่มีที่ใส่ ต้องหาถุงมาทิ้งขยะ,34.09,38,"{""zone"": ""B"", ""section"": ""5"", ""shelf"": ""5"", ""shelf_level"": ""3""}","{""x"": 34.0, ""y"": 2.1, ""z"": 15.0}"
PRD-9935E38A,เสื้อยืดสีพื้น,H&M,เสื้อผ้า/ผู้ชาย,หาเสื้อผ้าง่ายๆ ใส่สบายวันหยุด ไม่ต้องคิดเยอะ,189.51,29,"{""zone"": ""C"", ""section"": ""1"", ""shelf"": ""4"", ""shelf_level"": ""2""}","{""x"": 56.5, ""y"": 1.3, ""z"": 3.0}"
PRD-4A508F7B,เสื้อยืดสีพื้น สีขาว,H&M,เสื้อผ้า/ผู้ชาย,หาเสื้อผ้าง่ายๆ ใส่สบายวันหยุด ไม่ต้องคิดเยอะ,197.05,7,"{""zone"": ""C"", ""section"": ""1"", ""shelf"": ""5"", ""shelf_level"": ""3""}","{""x"": 54.0, ""y"": 2.1, ""z"": 3.0}"
PRD-EBCF5EE4,เสื้อยืดสีพื้น สีขาว,H&M,เสื้อผ้า/ผู้ชาย,หาเสื้อผ้าง่ายๆ ใส่สบายวันหยุด ไม่ต้องคิดเยอะ,231.35,33,"{""zone"": ""C"", ""section"": ""1"", ""shelf"": ""3"", ""shelf_level"": ""1""}","{""x"": 46.0, ""y"": 0.5, ""z"": 3.0}"
PRD-3BBE271E,เสื้อยืดสีพื้น ไซส์ S,H&M,เสื้อผ้า/ผู้ชาย,หาเสื้อผ้าง่ายๆ ใส่สบายวันหยุด ไม่ต้องคิดเยอะ,152.74,17,"{""zone"": ""C"", ""section"": ""1"", ""shelf"": ""6"", ""shelf_level"": ""2""}","{""x"": 51.5, ""y"": 1.3, ""z"": 3.0}"
PRD-BDB2665C,เสื้อยืดสีพื้น สีขาว,H&M,เสื้อผ้า/ผู้ชาย,หาเสื้อผ้าง่ายๆ ใส่สบายวันหยุด ไม่ต้องคิดเยอะ,268.96,41,"{""zone"": ""C"", ""section"": ""1"", ""shelf"": ""2"", ""shelf_level"": ""2""}","{""x"": 43.5, ""y"": 1.3, ""z"": 3.0}"
PRD-50EC42BC,เสื้อเชิ้ตแขนสั้น,Uniqlo,เสื้อผ้า/ผู้ชาย,จะไปคาเฟ่ อยากได้ลุคดูดีแต่มินิมอล ไม่ร้อน,744.31,33,"{""zone"": ""C"", ""section"": ""1"", ""shelf"": ""1"", ""shelf_level"": ""1""}","{""x"": 41.0, ""y"": 0.5, ""z"": 3.0}"
PRD-2097F0A1,เสื้อเชิ้ตแขนสั้น ไซส์ L,Uniqlo,เสื้อผ้า/ผู้ชาย,จะไปคาเฟ่ อยากได้ลุคดูดีแต่มินิมอล ไม่ร้อน,482.51,30,"{""zone"": ""C"", ""section"": ""1"", ""shelf"": ""3"", ""shelf_level"": ""3""}","{""x"": 46.0, ""y"": 2.1, ""z"": 3.0}"
PRD-052943C2,เสื้อเชิ้ตแขนสั้น สีขาว,Uniqlo,เสื้อผ้า/ผู้ชาย,จะไปคาเฟ่ อยากได้ลุคดูดีแต่มินิมอล ไม่ร้อน,729.05,48,"{""zone"": ""C"", ""section"": ""1"", ""shelf"": ""5"", ""shelf_level"": ""2""}","{""x"": 54.0, ""y"": 1.3, ""z"": 3.0}"
PRD-1A71BF62,เสื้อเชิ้ตทำงาน,GQ,เสื้อผ้า/ผู้ชาย,พรุ่งนี้มีประชุมสำคัญ อยากใส่เสื้อเชิ้ตรีดง่าย กันเปื้อน,1260.42,30,"{""zone"": ""C"", ""section"": ""1"", ""shelf"": ""3"", ""shelf_level"": ""3""}","{""x"": 46.0, ""y"": 2.1, ""z"": 3.0}"
PRD-63905605,เสื้อเชิ้ตทำงาน ไซส์ L,GQ,เสื้อผ้า/ผู้ชาย,พรุ่งนี้มีประชุมสำคัญ อยากใส่เสื้อเชิ้ตรีดง่าย กันเปื้อน,1003.05,22,"{""zone"": ""C"", ""section"": ""1"", ""shelf"": ""3"", ""shelf_level"": ""1""}","{""x"": 46.0, ""y"": 0.5, ""z"": 3.0}"
PRD-2472FE91,เสื้อเชิ้ตทำงาน ไซส์ S,GQ,เสื้อผ้า/ผู้ชาย,พรุ่งนี้มีประชุมสำคัญ อยากใส่เสื้อเชิ้ตรีดง่าย กันเปื้อน,822.94,35,"{""zone"": ""C"", ""section"": ""1"", ""shelf"": ""4"", ""shelf_level"": ""2""}","{""x"": 56.5, ""y"": 1.3, ""z"": 3.0}"
PRD-84CE9F05,เสื้อเชิ้ตทำงาน ไซส์ XL,GQ,เสื้อผ้า/ผู้ชาย,พรุ่งนี้มีประชุมสำคัญ อยากใส่เสื้อเชิ้ตรีดง่าย กันเปื้อน,1794.58,26,"{""zone"": ""C"", ""section"": ""1"", ""shelf"": ""3"", ""shelf_level"": ""1""}","{""x"": 46.0, ""y"": 0.5, ""z"": 3.0}"
PRD-305AC919,เสื้อโปโล,AIIZ,เสื้อผ้า/ผู้ชาย,แต่งตัวกึ่งทางการนิดๆ แต่ยังดูสบายๆ,511.86,27,"{""zone"": ""C"", ""section"": ""1"", ""shelf"": ""3"", ""shelf_level"": ""2""}","{""x"": 46.0, ""y"": 1.3, ""z"": 3.0}"
PRD-572A95D8,เสื้อโปโล สีขาว,AIIZ,เสื้อผ้า/ผู้ชาย,แต่งตัวกึ่งทางการนิดๆ แต่ยังดูสบายๆ,366.03,0,"{""zone"": ""C"", ""section"": ""1"", ""shelf"": ""2"", ""shelf_level"": ""2""}","{""x"": 43.5, ""y"": 1.3, ""z"": 3.0}"
PRD-AA56EB9C,เสื้อโปโล ไซส์ L,AIIZ,เสื้อผ้า/ผู้ชาย,แต่งตัวกึ่งทางการนิดๆ แต่ยังดูสบายๆ,570.01,39,"{""zone"": ""C"", ""section"": ""1"", ""shelf"": ""6"", ""shelf_level"": ""2""}","{""x"": 51.5, ""y"": 1.3, ""z"": 3.0}"
PRD-849E1325,เสื้อโปโล ไซส์ S,AIIZ,เสื้อผ้า/ผู้ชาย,แต่งตัวกึ่งทางการนิดๆ แต่ยังดูสบายๆ,283.9,14,"{""zone"": ""C"", ""section"": ""1"", ""shelf"": ""3"", ""shelf_level"": ""3""}","{""x"": 46.0, ""y"": 2.1, ""z"": 3.0}"
PRD-393B76C1,เสื้อกันหนาวฮู้ด,Champion,เสื้อผ้า/ผู้ชาย,แอร์ออฟฟิศหนาวมาก ทนไม่ไหวต้องหาเสื้อคลุมหนาๆ,1676.02,5,"{""zone"": ""C"", ""section"": ""1"", ""shelf"": ""3"", ""shelf_level"": ""2""}","{""x"": 46.0, ""y"": 1.3, ""z"": 3.0}"
PRD-A9BBEDC6,เสื้อกันหนาวฮู้ด ไซส์ XL,Champion,เสื้อผ้า/ผู้ชาย,แอร์ออฟฟิศหนาวมาก ทนไม่ไหวต้องหาเสื้อคลุมหนาๆ,2240.53,48,"{""zone"": ""C"", ""section"": ""1"", ""shelf"": ""4"", ""shelf_level"": ""2""}","{""x"": 56.5, ""y"": 1.3, ""z"": 3.0}"
PRD-09637779,เสื้อกันหนาวฮู้ด สีขาว,Champion,เสื้อผ้า/ผู้ชาย,แอร์ออฟฟิศหนาวมาก ทนไม่ไหวต้องหาเสื้อคลุมหนาๆ,1656.55,49,"{""zone"": ""C"", ""section"": ""1"", ""shelf"": ""6"", ""shelf_level"": ""2""}","{""x"": 51.5, ""y"": 1.3, ""z"": 3.0}"
PRD-0FC52A72,เสื้อกันหนาวฮู้ด สีขาว,Champion,เสื้อผ้า/ผู้ชาย,แอร์ออฟฟิศหนาวมาก ทนไม่ไหวต้องหาเสื้อคลุมหนาๆ,1537.09,34,"{""zone"": ""C"", ""section"": ""1"", ""shelf"": ""1"", ""shelf_level"": ""1""}","{""x"": 41.0, ""y"": 0.5, ""z"": 3.0}"
PRD-22682672,เสื้อกันหนาวฮู้ด สีดำ,Champion,เสื้อผ้า/ผู้ชาย,แอร์ออฟฟิศหนาวมาก ทนไม่ไหวต้องหาเสื้อคลุมหนาๆ,1633.99,27,"{""zone"": ""C"", ""section"": ""1"", ""shelf"": ""6"", ""shelf_level"": ""1""}","{""x"": 51.5, ""y"": 0.5, ""z"": 3.0}"
PRD-EAFEEBB8,กางเกงยีนส์ขายาว,Levi's,เสื้อผ้า/ผู้ชาย,อยากได้กางเกงเท่ๆ ทนๆ ใส่ได้ทุกโอกาส,2008.34,34,"{""zone"": ""C"", ""section"": ""2"", ""shelf"": ""5"", ""shelf_level"": ""1""}","{""x"": 54.0, ""y"": 0.5, ""z"": 6.0}"
PRD-CDEF7249,กางเกงยีนส์ขายาว ไซส์ S,Levi's,เสื้อผ้า/ผู้ชาย,อยากได้กางเกงเท่ๆ ทนๆ ใส่ได้ทุกโอกาส,1197.7,5,"{""zone"": ""C"", ""section"": ""2"", ""shelf"": ""2"", ""shelf_level"": ""3""}","{""x"": 43.5, ""y"": 2.1, ""z"": 6.0}"
PRD-1272B176,กางเกงยีนส์ขายาว สีขาว,Levi's,เสื้อผ้า/ผู้ชาย,อยากได้กางเกงเท่ๆ ทนๆ ใส่ได้ทุกโอกาส,1406.67,21,"{""zone"": ""C"", ""section"": ""2"", ""shelf"": ""3"", ""shelf_level"": ""3""}","{""x"": 46.0, ""y"": 2.1, ""z"": 6.0}"
PRD-F698AB69,กางเกงสแล็ค,G2000,เสื้อผ้า/ผู้ชาย,ต้องแต่งตัวเรียบร้อยไปทำงาน กางเกงทรงสวยๆ,892.92,35,"{""zone"": ""C"", ""section"": ""2"", ""shelf"": ""3"", ""shelf_level"": ""1""}","{""x"": 46.0, ""y"": 0.5, ""z"": 6.0}"
PRD-DE80F641,กางเกงสแล็ค ไซส์ XL,G2000,เสื้อผ้า/ผู้ชาย,ต้องแต่งตัวเรียบร้อยไปทำงาน กางเกงทรงสวยๆ,1197.13,32,"{""zone"": ""C"", ""section"": ""2"", ""shelf"": ""3"", ""shelf_level"": ""1""}","{""x"": 46.0, ""y"": 0.5, ""z"": 6.0}"
PRD-FAB4F29D,กางเกงสแล็ค สีดำ,G2000,เสื้อผ้า/ผู้ชาย,ต้องแต่งตัวเรียบร้อยไปทำงาน กางเกงทรงสวยๆ,1021.13,14,"{""zone"": ""C"", ""section"": ""2"", ""shelf"": ""2"", ""shelf_level"": ""1""}","{""x"": 43.5, ""y"": 0.5, ""z"": 6.0}"
PRD-719F0849,กางเกงขาสั้น,CC-OO,เสื้อผ้า/ผู้ชาย,วันหยุดร้อนๆ อยากใส่ขาสั้นไปทะเล หรือเดินห้างชิลๆ,526.82,34,"{""zone"": ""C"", ""section"": ""2"", ""shelf"": ""4"", ""shelf_level"": ""1""}","{""x"": 56.5, ""y"": 0.5, ""z"": 6.0}"
PRD-5DFF9910,กางเกงขาสั้น ไซส์ S,CC-OO,เสื้อผ้า/ผู้ชาย,วันหยุดร้อนๆ อยากใส่ขาสั้นไปทะเล หรือเดินห้างชิลๆ,482.78,7,"{""zone"": ""C"", ""section"": ""2"", ""shelf"": ""6"", ""shelf_level"": ""2""}","{""x"": 51.5, ""y"": 1.3, ""z"": 6.0}"
PRD-E31948F6,กางเกงขาสั้น ไซส์ XL,CC-OO,เสื้อผ้า/ผู้ชาย,วันหยุดร้อนๆ อยากใส่ขาสั้นไปทะเล หรือเดินห้างชิลๆ,1117.77,34,"{""zone"": ""C"", ""section"": ""2"", ""shelf"": ""6"", ""shelf_level"": ""1""}","{""x"": 51.5, ""y"": 0.5, ""z"": 6.0}"
PRD-E3A05AA6,กางเกงขาสั้น สีขาว,CC-OO,เสื้อผ้า/ผู้ชาย,วันหยุดร้อนๆ อยากใส่ขาสั้นไปทะเล หรือเดินห้างชิลๆ,583.49,11,"{""zone"": ""C"", ""section"": ""2"", ""shelf"": ""4"", ""shelf_level"": ""1""}","{""x"": 56.5, ""y"": 0.5, ""z"": 6.0}"
PRD-7F259256,กางเกงขาสั้น สีดำ,CC-OO,เสื้อผ้า/ผู้ชาย,วันหยุดร้อนๆ อยากใส่ขาสั้นไปทะเล หรือเดินห้างชิลๆ,774.24,1,"{""zone"": ""C"", ""section"": ""2"", ""shelf"": ""2"", ""shelf_level"": ""1""}","{""x"": 43.5, ""y"": 0.5, ""z"": 6.0}"
PRD-B79D7FF1,กางเกงจ็อกเกอร์,Nike,เสื้อผ้า/ผู้ชาย,อยากแต่งตัวแนวสปอร์ต หรือใส่ออกกำลังกายสบายๆ,1213.87,35,"{""zone"": ""C"", ""section"": ""2"", ""shelf"": ""4"", ""shelf_level"": ""2""}","{""x"": 56.5, ""y"": 1.3, ""z"": 6.0}"
PRD-8FD2F13A,กางเกงจ็อกเกอร์ ไซส์ L,Nike,เสื้อผ้า/ผู้ชาย,อยากแต่งตัวแนวสปอร์ต หรือใส่ออกกำลังกายสบายๆ,1325.79,3,"{""zone"": ""C"", ""section"": ""2"", ""shelf"": ""4"", ""shelf_level"": ""1""}","{""x"": 56.5, ""y"": 0.5, ""z"": 6.0}"
PRD-B2C6AFD5,กางเกงจ็อกเกอร์ ไซส์ XL,Nike,เสื้อผ้า/ผู้ชาย,อยากแต่งตัวแนวสปอร์ต หรือใส่ออกกำลังกายสบายๆ,2330.96,30,"{""zone"": ""C"", ""section"": ""2"", ""shelf"": ""2"", ""shelf_level"": ""3""}","{""x"": 43.5, ""y"": 2.1, ""z"": 6.0}"
PRD-A35B6FDF,กางเกงจ็อกเกอร์ ไซส์ XL,Nike,เสื้อผ้า/ผู้ชาย,อยากแต่งตัวแนวสปอร์ต หรือใส่ออกกำลังกายสบายๆ,2373.79,18,"{""zone"": ""C"", ""section"": ""2"", ""shelf"": ""6"", ""shelf_level"": ""1""}","{""x"": 51.5, ""y"": 0.5, ""z"": 6.0}"
PRD-AEDDC03F,กางเกงจ็อกเกอร์ สีดำ,Nike,เสื้อผ้า/ผู้ชาย,อยากแต่งตัวแนวสปอร์ต หรือใส่ออกกำลังกายสบายๆ,1330.07,9,"{""zone"": ""C"", ""section"": ""2"", ""shelf"": ""3"", ""shelf_level"": ""1""}","{""x"": 46.0, ""y"": 0.5, ""z"": 6.0}"
PRD-E524E265,กางเกงในผู้ชาย,Rosso,เสื้อผ้า/ผู้ชาย,กางเกงในเก่าเริ่มย้วย ใส่ไม่สบายตัวเลย,270.71,23,"{""zone"": ""C"", ""section"": ""2"", ""shelf"": ""3"", ""shelf_level"": ""1""}","{""x"": 46.0, ""y"": 0.5, ""z"": 6.0}"
PRD-976E1C89,กางเกงในผู้ชาย สีดำ,Rosso,เสื้อผ้า/ผู้ชาย,กางเกงในเก่าเริ่มย้วย ใส่ไม่สบายตัวเลย,260.87,48,"{""zone"": ""C"", ""section"": ""2"", ""shelf"": ""6"", ""shelf_level"": ""2""}","{""x"": 51.5, ""y"": 1.3, ""z"": 6.0}"
PRD-9F9F67E4,กางเกงในผู้ชาย ไซส์ XL,Rosso,เสื้อผ้า/ผู้ชาย,กางเกงในเก่าเริ่มย้วย ใส่ไม่สบายตัวเลย,354.97,49,"{""zone"": ""C"", ""section"": ""2"", ""shelf"": ""3"", ""shelf_level"": ""3""}","{""x"": 46.0, ""y"": 2.1, ""z"": 6.0}"
PRD-689A5A20,กางเกงในผู้ชาย ไซส์ XL,Rosso,เสื้อผ้า/ผู้ชาย,กางเกงในเก่าเริ่มย้วย ใส่ไม่สบายตัวเลย,287.38,43,"{""zone"": ""C"", ""section"": ""2"", ""shelf"": ""6"", ""shelf_level"": ""1""}","{""x"": 51.5, ""y"": 0.5, ""z"": 6.0}"
PRD-525BA6F2,เสื้อครอป,Zara,เสื้อผ้า/ผู้หญิง,อยากโชว์เอว แต่งตัวเปรี้ยวๆ ไปเที่ยวกับเพื่อน,673.63,27,"{""zone"": ""C"", ""section"": ""3"", ""shelf"": ""6"", ""shelf_level"": ""3""}","{""x"": 51.5, ""y"": 2.1, ""z"": 9.0}"
PRD-70AD67A9,เสื้อครอป ไซส์ S,Zara,เสื้อผ้า/ผู้หญิง,อยากโชว์เอว แต่งตัวเปรี้ยวๆ ไปเที่ยวกับเพื่อน,369.42,38,"{""zone"": ""C"", ""section"": ""3"", ""shelf"": ""2"", ""shelf_level"": ""2""}","{""x"": 43.5, ""y"": 1.3, ""z"": 9.0}"
PRD-B86C258B,เสื้อครอป สีดำ,Zara,เสื้อผ้า/ผู้หญิง,อยากโชว์เอว แต่งตัวเปรี้ยวๆ ไปเที่ยวกับเพื่อน,805.32,15,"{""zone"": ""C"", ""section"": ""3"", ""shelf"": ""6"", ""shelf_level"": ""1""}","{""x"": 51.5, ""y"": 0.5, ""z"": 9.0}"
PRD-CBD6C533,เสื้อครอป ไซส์ L,Zara,เสื้อผ้า/ผู้หญิง,อยากโชว์เอว แต่งตัวเปรี้ยวๆ ไปเที่ยวกับเพื่อน,580.36,31,"{""zone"": ""C"", ""section"": ""3"", ""shelf"": ""1"", ""shelf_level"": ""2""}","{""x"": 41.0, ""y"": 1.3, ""z"": 9.0}"
PRD-DA6CF533,เสื้อเชิ้ตโอเวอร์ไซส์,Uniqlo,เสื้อผ้า/ผู้หญิง,วันสบายๆ อยากใส่เสื้อตัวใหญ่ๆ พรางหุ่น ดูเกาหลี,769.77,17,"{""zone"": ""C"", ""section"": ""3"", ""shelf"": ""3"", ""shelf_level"": ""1""}","{""x"": 46.0, ""y"": 0.5, ""z"": 9.0}"
PRD-18CEC102,เสื้อเชิ้ตโอเวอร์ไซส์ ไซส์ XL,Uniqlo,เสื้อผ้า/ผู้หญิง,วันสบายๆ อยากใส่เสื้อตัวใหญ่ๆ พรางหุ่น ดูเกาหลี,1048.21,47,"{""zone"": ""C"", ""section"": ""3"", ""shelf"": ""5"", ""shelf_level"": ""1""}","{""x"": 54.0, ""y"": 0.5, ""z"": 9.0}"
PRD-4E6DA03C,เสื้อเชิ้ตโอเวอร์ไซส์ สีดำ,Uniqlo,เสื้อผ้า/ผู้หญิง,วันสบายๆ อยากใส่เสื้อตัวใหญ่ๆ พรางหุ่น ดูเกาหลี,954.81,41,"{""zone"": ""C"", ""section"": ""3"", ""shelf"": ""1"", ""shelf_level"": ""2""}","{""x"": 41.0, ""y"": 1.3, ""z"": 9.0}"
PRD-C8E6EFAB,เสื้อเชิ้ตโอเวอร์ไซส์ สีขาว,Uniqlo,เสื้อผ้า/ผู้หญิง,วันสบายๆ อยากใส่เสื้อตัวใหญ่ๆ พรางหุ่น ดูเกาหลี,1130.83,49,"{""zone"": ""C"", ""section"": ""3"", ""shelf"": ""4"", ""shelf_level"": ""2""}","{""x"": 56.5, ""y"": 1.3, ""z"": 9.0}"
PRD-84AC38B0,เสื้อเชิ้ตโอเวอร์ไซส์ ไซส์ L,Uniqlo,เสื้อผ้า/ผู้หญิง,วันสบายๆ อยากใส่เสื้อตัวใหญ่ๆ พรางหุ่น ดูเกาหลี,1182.52,43,"{""zone"": ""C"", ""section"": ""3"", ""shelf"": ""3"", ""shelf_level"": ""3""}","{""x"": 46.0, ""y"": 2.1, ""z"": 9.0}"
PRD-003C4777,เสื้อสายเดี่ยว,H&M,เสื้อผ้า/ผู้หญิง,อากาศร้อนจัด อยากใส่เสื้อกล้ามสายเดี่ยวคลายร้อน,245.88,27,"{""zone"": ""C"", ""section"": ""3"", ""shelf"": ""6"", ""shelf_level"": ""3""}","{""x"": 51.5, ""y"": 2.1, ""z"": 9.0}"
PRD-D34BB051,เสื้อสายเดี่ยว ไซส์ S,H&M,เสื้อผ้า/ผู้หญิง,อากาศร้อนจัด อยากใส่เสื้อกล้ามสายเดี่ยวคลายร้อน,128.3,25,"{""zone"": ""C"", ""section"": ""3"", ""shelf"": ""5"", ""shelf_level"": ""2""}","{""x"": 54.0, ""y"": 1.3, ""z"": 9.0}"
PRD-729249CC,เสื้อสายเดี่ยว สีดำ,H&M,เสื้อผ้า/ผู้หญิง,อากาศร้อนจัด อยากใส่เสื้อกล้ามสายเดี่ยวคลายร้อน,191.43,5,"{""zone"": ""C"", ""section"": ""3"", ""shelf"": ""6"", ""shelf_level"": ""1""}","{""x"": 51.5, ""y"": 0.5, ""z"": 9.0}"
PRD-1E76271F,เดรสลายดอก,Pomelo,เสื้อผ้า/ผู้หญิง,จะไปคาเฟ่ทุ่งดอกไม้ อยากได้ชุดหวานๆ ถ่ายรูปสวย,1214.94,39,"{""zone"": ""C"", ""section"": ""3"", ""shelf"": ""6"", ""shelf_level"": ""1""}","{""x"": 51.5, ""y"": 0.5, ""z"": 9.0}"
PRD-A5453694,เดรสลายดอก สีขาว,Pomelo,เสื้อผ้า/ผู้หญิง,จะไปคาเฟ่ทุ่งดอกไม้ อยากได้ชุดหวานๆ ถ่ายรูปสวย,1138.18,41,"{""zone"": ""C"", ""section"": ""3"", ""shelf"": ""4"", ""shelf_level"": ""3""}","{""x"": 56.5, ""y"": 2.1, ""z"": 9.0}"
PRD-87AB2F03,เดรสลายดอก สีดำ,Pomelo,เสื้อผ้า/ผู้หญิง,จะไปคาเฟ่ทุ่งดอกไม้ อยากได้ชุดหวานๆ ถ่ายรูปสวย,1128.74,6,"{""zone"": ""C"", ""section"": ""3"", ""shelf"": ""2"", ""shelf_level"": ""1""}","{""x"": 43.5, ""y"": 0.5, ""z"": 9.0}"
PRD-A5D91196,เดรสลายดอก สีขาว,Pomelo,เสื้อผ้า/ผู้หญิง,จะไปคาเฟ่ทุ่งดอกไม้ อยากได้ชุดหวานๆ ถ่ายรูปสวย,1152.01,10,"{""zone"": ""C"", ""section"": ""3"", ""shelf"": ""6"", ""shelf_level"": ""2""}","{""x"": 51.5, ""y"": 1.3, ""z"": 9.0}"
PRD-E346D5A0,เดรสลายดอก ไซส์ XL,Pomelo,เสื้อผ้า/ผู้หญิง,จะไปคาเฟ่ทุ่งดอกไม้ อยากได้ชุดหวานๆ ถ่ายรูปสวย,1233.18,10,"{""zone"": ""C"", ""section"": ""3"", ""shelf"": ""1"", ""shelf_level"": ""1""}","{""x"": 41.0, ""y"": 0.5, ""z"": 9.0}"
PRD-FC6B8E84,เสื้อคาร์ดิแกน,Muji,เสื้อผ้า/ผู้หญิง,กันแดด กันหนาวบางๆ คลุมทับชุดนักศึกษาหรือชุดทำงาน,684.11,3,"{""zone"": ""C"", ""section"": ""3"", ""shelf"": ""5"", ""shelf_level"": ""3""}","{""x"": 54.0, ""y"": 2.1, ""z"": 9.0}"
PRD-09ACDC2F,เสื้อคาร์ดิแกน ไซส์ S,Muji,เสื้อผ้า/ผู้หญิง,กันแดด กันหนาวบางๆ คลุมทับชุดนักศึกษาหรือชุดทำงาน,465.04,44,"{""zone"": ""C"", ""section"": ""3"", ""shelf"": ""4"", ""shelf_level"": ""3""}","{""x"": 56.5, ""y"": 2.1, ""z"": 9.0}"
PRD-9031A740,เสื้อคาร์ดิแกน สีขาว,Muji,เสื้อผ้า/ผู้หญิง,กันแดด กันหนาวบางๆ คลุมทับชุดนักศึกษาหรือชุดทำงาน,593.53,7,"{""zone"": ""C"", ""section"": ""3"", ""shelf"": ""1"", ""shelf_level"": ""2""}","{""x"": 41.0, ""y"": 1.3, ""z"": 9.0}"
PRD-7ECD3A41,เสื้อคาร์ดิแกน สีดำ,Muji,เสื้อผ้า/ผู้หญิง,กันแดด กันหนาวบางๆ คลุมทับชุดนักศึกษาหรือชุดทำงาน,611.87,45,"{""zone"": ""C"", ""section"": ""3"", ""shelf"": ""1"", ""shelf_level"": ""3""}","{""x"": 41.0, ""y"": 2.1, ""z"": 9.0}"
PRD-9959D615,เสื้อคาร์ดิแกน ไซส์ L,Muji,เสื้อผ้า/ผู้หญิง,กันแดด กันหนาวบางๆ คลุมทับชุดนักศึกษาหรือชุดทำงาน,782.42,48,"{""zone"": ""C"", ""section"": ""3"", ""shelf"": ""5"", ""shelf_level"": ""2""}","{""x"": 54.0, ""y"": 1.3, ""z"": 9.0}"
PRD-03852A11,กระโปรงเทนนิส,Shein,เสื้อผ้า/ผู้หญิง,อยากได้ลุคน่ารักๆ สไตล์นักเรียนเกาหลี Y2K,392.94,33,"{""zone"": ""C"", ""section"": ""4"", ""shelf"": ""5"", ""shelf_level"": ""1""}","{""x"": 54.0, ""y"": 0.5, ""z"": 12.0}"
PRD-117AF3D1,กระโปรงเทนนิส สีขาว,Shein,เสื้อผ้า/ผู้หญิง,อยากได้ลุคน่ารักๆ สไตล์นักเรียนเกาหลี Y2K,344.0,19,"{""zone"": ""C"", ""section"": ""4"", ""shelf"": ""4"", ""shelf_level"": ""2""}","{""x"": 56.5, ""y"": 1.3, ""z"": 12.0}"
PRD-56944BEA,กระโปรงเทนนิส ไซส์ XL,Shein,เสื้อผ้า/ผู้หญิง,อยากได้ลุคน่ารักๆ สไตล์นักเรียนเกาหลี Y2K,528.26,15,"{""zone"": ""C"", ""section"": ""4"", ""shelf"": ""1"", ""shelf_level"": ""2""}","{""x"": 41.0, ""y"": 1.3, ""z"": 12.0}"
PRD-AF491B0F,กระโปรงเทนนิส สีขาว,Shein,เสื้อผ้า/ผู้หญิง,อยากได้ลุคน่ารักๆ สไตล์นักเรียนเกาหลี Y2K,420.78,26,"{""zone"": ""C"", ""section"": ""4"", ""shelf"": ""2"", ""shelf_level"": ""1""}","{""x"": 43.5, ""y"": 0.5, ""z"": 12.0}"
PRD-438FB350,กระโปรงเทนนิส สีขาว,Shein,เสื้อผ้า/ผู้หญิง,อยากได้ลุคน่ารักๆ สไตล์นักเรียนเกาหลี Y2K,396.03,33,"{""zone"": ""C"", ""section"": ""4"", ""shelf"": ""3"", ""shelf_level"": ""2""}","{""x"": 46.0, ""y"": 1.3, ""z"": 12.0}"
PRD-FA791211,กางเกงยีนส์เอวสูง,Pomelo,เสื้อผ้า/ผู้หญิง,อยากดูขายาว เอวคอด พรางหุ่นให้ดูเพรียว,902.24,27,"{""zone"": ""C"", ""section"": ""4"", ""shelf"": ""6"", ""shelf_level"": ""3""}","{""x"": 51.5, ""y"": 2.1, ""z"": 12.0}"
PRD-20546F0B,กางเกงยีนส์เอวสูง ไซส์ S,Pomelo,เสื้อผ้า/ผู้หญิง,อยากดูขายาว เอวคอด พรางหุ่นให้ดูเพรียว,881.8,48,"{""zone"": ""C"", ""section"": ""4"", ""shelf"": ""6"", ""shelf_level"": ""1""}","{""x"": 51.5, ""y"": 0.5, ""z"": 12.0}"
PRD-BD30F1F6,กางเกงยีนส์เอวสูง สีขาว,Pomelo,เสื้อผ้า/ผู้หญิง,อยากดูขายาว เอวคอด พรางหุ่นให้ดูเพรียว,876.34,8,"{""zone"": ""C"", ""section"": ""4"", ""shelf"": ""2"", ""shelf_level"": ""1""}","{""x"": 43.5, ""y"": 0.5, ""z"": 12.0}"
PRD-1B6F00EC,กางเกงยีนส์เอวสูง ไซส์ XL,Pomelo,เสื้อผ้า/ผู้หญิง,อยากดูขายาว เอวคอด พรางหุ่นให้ดูเพรียว,1797.68,50,"{""zone"": ""C"", ""section"": ""4"", ""shelf"": ""5"", ""shelf_level"": ""2""}","{""x"": 54.0, ""y"": 1.3, ""z"": 12.0}"
PRD-5F579294,กางเกงยีนส์เอวสูง สีดำ,Pomelo,เสื้อผ้า/ผู้หญิง,อยากดูขายาว เอวคอด พรางหุ่นให้ดูเพรียว,1428.05,44,"{""zone"": ""C"", ""section"": ""4"", ""shelf"": ""6"", ""shelf_level"": ""3""}","{""x"": 51.5, ""y"": 2.1, ""z"": 12.0}"
PRD-9B975A83,กางเกงเลกกิ้ง,Adidas,เสื้อผ้า/ผู้หญิง,ไปฟิตเนส หรือเล่นโยคะ ต้องการความยืดหยุ่นสูง,1747.14,4,"{""zone"": ""C"", ""section"": ""4"", ""shelf"": ""3"", ""shelf_level"": ""1""}","{""x"": 46.0, ""y"": 0.5, ""z"": 12.0}"
PRD-CB05A2BC,กางเกงเลกกิ้ง ไซส์ S,Adidas,เสื้อผ้า/ผู้หญิง,ไปฟิตเนส หรือเล่นโยคะ ต้องการความยืดหยุ่นสูง,1070.47,41,"{""zone"": ""C"", ""section"": ""4"", ""shelf"": ""3"", ""shelf_level"": ""2""}","{""x"": 46.0, ""y"": 1.3, ""z"": 12.0}"
PRD-C7125076,กางเกงเลกกิ้ง ไซส์ XL,Adidas,เสื้อผ้า/ผู้หญิง,ไปฟิตเนส หรือเล่นโยคะ ต้องการความยืดหยุ่นสูง,1655.31,37,"{""zone"": ""C"", ""section"": ""4"", ""shelf"": ""4"", ""shelf_level"": ""3""}","{""x"": 56.5, ""y"": 2.1, ""z"": 12.0}"
PRD-88898285,กางเกงเลกกิ้ง สีขาว,Adidas,เสื้อผ้า/ผู้หญิง,ไปฟิตเนส หรือเล่นโยคะ ต้องการความยืดหยุ่นสูง,1665.49,11,"{""zone"": ""C"", ""section"": ""4"", ""shelf"": ""4"", ""shelf_level"": ""1""}","{""x"": 56.5, ""y"": 0.5, ""z"": 12.0}"
PRD-32183907,กางเกงขาสั้นผ้าลินิน,Uniqlo,เสื้อผ้า/ผู้หญิง,อากาศร้อน อยากใส่กางเกงผ้าโปร่งๆ สบายตัว ไม่รัด,740.26,20,"{""zone"": ""C"", ""section"": ""4"", ""shelf"": ""2"", ""shelf_level"": ""1""}","{""x"": 43.5, ""y"": 0.5, ""z"": 12.0}"
PRD-BD95FE59,กางเกงขาสั้นผ้าลินิน สีขาว,Uniqlo,เสื้อผ้า/ผู้หญิง,อากาศร้อน อยากใส่กางเกงผ้าโปร่งๆ สบายตัว ไม่รัด,860.18,38,"{""zone"": ""C"", ""section"": ""4"", ""shelf"": ""2"", ""shelf_level"": ""3""}","{""x"": 43.5, ""y"": 2.1, ""z"": 12.0}"
PRD-DBFA890B,กางเกงขาสั้นผ้าลินิน ไซส์ XL,Uniqlo,เสื้อผ้า/ผู้หญิง,อากาศร้อน อยากใส่กางเกงผ้าโปร่งๆ สบายตัว ไม่รัด,1123.55,19,"{""zone"": ""C"", ""section"": ""4"", ""shelf"": ""6"", ""shelf_level"": ""3""}","{""x"": 51.5, ""y"": 2.1, ""z"": 12.0}"
PRD-78D91EB1,กางเกงขาสั้นผ้าลินิน ไซส์ XL,Uniqlo,เสื้อผ้า/ผู้หญิง,อากาศร้อน อยากใส่กางเกงผ้าโปร่งๆ สบายตัว ไม่รัด,947.65,20,"{""zone"": ""C"", ""section"": ""4"", ""shelf"": ""5"", ""shelf_level"": ""1""}","{""x"": 54.0, ""y"": 0.5, ""z"": 12.0}"
PRD-CF8CB102,กระโปรงทรงเอ,G2000,เสื้อผ้า/ผู้หญิง,ต้องใส่ไปฝึกงานหรือทำงานออฟฟิศ ให้ดูสุภาพและดูดี,680.41,8,"{""zone"": ""C"", ""section"": ""4"", ""shelf"": ""6"", ""shelf_level"": ""3""}","{""x"": 51.5, ""y"": 2.1, ""z"": 12.0}"
PRD-AB8ACF71,กระโปรงทรงเอ สีขาว,G2000,เสื้อผ้า/ผู้หญิง,ต้องใส่ไปฝึกงานหรือทำงานออฟฟิศ ให้ดูสุภาพและดูดี,906.96,31,"{""zone"": ""C"", ""section"": ""4"", ""shelf"": ""4"", ""shelf_level"": ""3""}","{""x"": 56.5, ""y"": 2.1, ""z"": 12.0}"
PRD-970AB20E,กระโปรงทรงเอ ไซส์ XL,G2000,เสื้อผ้า/ผู้หญิง,ต้องใส่ไปฝึกงานหรือทำงานออฟฟิศ ให้ดูสุภาพและดูดี,1113.04,2,"{""zone"": ""C"", ""section"": ""4"", ""shelf"": ""1"", ""shelf_level"": ""2""}","{""x"": 41.0, ""y"": 1.3, ""z"": 12.0}"
PRD-367CE8C7,กระโปรงทรงเอ สีดำ,G2000,เสื้อผ้า/ผู้หญิง,ต้องใส่ไปฝึกงานหรือทำงานออฟฟิศ ให้ดูสุภาพและดูดี,928.19,49,"{""zone"": ""C"", ""section"": ""4"", ""shelf"": ""5"", ""shelf_level"": ""2""}","{""x"": 54.0, ""y"": 1.3, ""z"": 12.0}"
PRD-5BF1F459,กระโปรงทรงเอ สีดำ,G2000,เสื้อผ้า/ผู้หญิง,ต้องใส่ไปฝึกงานหรือทำงานออฟฟิศ ให้ดูสุภาพและดูดี,687.92,1,"{""zone"": ""C"", ""section"": ""4"", ""shelf"": ""5"", ""shelf_level"": ""3""}","{""x"": 54.0, ""y"": 2.1, ""z"": 12.0}"
PRD-0A59C98C,ถุงเท้าสีพื้น,Muji,เสื้อผ้า/เครื่องประดับ,ถุงเท้าเก่าขาดเป็นรู หรือหายไปข้างนึง ต้องซื้อใหม่,150.87,36,"{""zone"": ""C"", ""section"": ""5"", ""shelf"": ""1"", ""shelf_level"": ""1""}","{""x"": 41.0, ""y"": 0.5, ""z"": 15.0}"
PRD-AFF4D8C8,ถุงเท้าสีพื้น ไซส์ S,Muji,เสื้อผ้า/เครื่องประดับ,ถุงเท้าเก่าขาดเป็นรู หรือหายไปข้างนึง ต้องซื้อใหม่,76.53,1,"{""zone"": ""C"", ""section"": ""5"", ""shelf"": ""3"", ""shelf_level"": ""1""}","{""x"": 46.0, ""y"": 0.5, ""z"": 15.0}"
PRD-B31A4C23,ถุงเท้าสีพื้น สีดำ,Muji,เสื้อผ้า/เครื่องประดับ,ถุงเท้าเก่าขาดเป็นรู หรือหายไปข้างนึง ต้องซื้อใหม่,155.07,23,"{""zone"": ""C"", ""section"": ""5"", ""shelf"": ""1"", ""shelf_level"": ""2""}","{""x"": 41.0, ""y"": 1.3, ""z"": 15.0}"
PRD-C4F2773B,ถุงเท้าสีพื้น ไซส์ XL,Muji,เสื้อผ้า/เครื่องประดับ,ถุงเท้าเก่าขาดเป็นรู หรือหายไปข้างนึง ต้องซื้อใหม่,199.5,40,"{""zone"": ""C"", ""section"": ""5"", ""shelf"": ""3"", ""shelf_level"": ""1""}","{""x"": 46.0, ""y"": 0.5, ""z"": 15.0}"
PRD-3688483C,ถุงเท้าสีพื้น ไซส์ L,Muji,เสื้อผ้า/เครื่องประดับ,ถุงเท้าเก่าขาดเป็นรู หรือหายไปข้างนึง ต้องซื้อใหม่,144.9,39,"{""zone"": ""C"", ""section"": ""5"", ""shelf"": ""6"", ""shelf_level"": ""2""}","{""x"": 51.5, ""y"": 1.3, ""z"": 15.0}"
PRD-C2FEF746,หมวกแก๊ป,NY,เสื้อผ้า/เครื่องประดับ,ผมยุ่งไม่ได้สระผม หรืออยากกันแดดตอนไปเที่ยว,1307.07,40,"{""zone"": ""C"", ""section"": ""5"", ""shelf"": ""6"", ""shelf_level"": ""2""}","{""x"": 51.5, ""y"": 1.3, ""z"": 15.0}"
PRD-C08FA728,หมวกแก๊ป สีดำ,NY,เสื้อผ้า/เครื่องประดับ,ผมยุ่งไม่ได้สระผม หรืออยากกันแดดตอนไปเที่ยว,1437.62,13,"{""zone"": ""C"", ""section"": ""5"", ""shelf"": ""5"", ""shelf_level"": ""1""}","{""x"": 54.0, ""y"": 0.5, ""z"": 15.0}"
PRD-810FD91A,หมวกแก๊ป สีขาว,NY,เสื้อผ้า/เครื่องประดับ,ผมยุ่งไม่ได้สระผม หรืออยากกันแดดตอนไปเที่ยว,938.05,17,"{""zone"": ""C"", ""section"": ""5"", ""shelf"": ""5"", ""shelf_level"": ""2""}","{""x"": 54.0, ""y"": 1.3, ""z"": 15.0}"
PRD-344AB47A,เข็มขัดหนัง,Dapper,เสื้อผ้า/เครื่องประดับ,กางเกงหลวมไปนิด หรืออยากใส่เพิ่มความดูดีทางการ,710.23,26,"{""zone"": ""C"", ""section"": ""5"", ""shelf"": ""3"", ""shelf_level"": ""2""}","{""x"": 46.0, ""y"": 1.3, ""z"": 15.0}"
PRD-AD864A23,เข็มขัดหนัง สีขาว,Dapper,เสื้อผ้า/เครื่องประดับ,กางเกงหลวมไปนิด หรืออยากใส่เพิ่มความดูดีทางการ,704.81,29,"{""zone"": ""C"", ""section"": ""5"", ""shelf"": ""3"", ""shelf_level"": ""2""}","{""x"": 46.0, ""y"": 1.3, ""z"": 15.0}"
PRD-0D1013A8,เข็มขัดหนัง ไซส์ S,Dapper,เสื้อผ้า/เครื่องประดับ,กางเกงหลวมไปนิด หรืออยากใส่เพิ่มความดูดีทางการ,396.03,38,"{""zone"": ""C"", ""section"": ""5"", ""shelf"": ""3"", ""shelf_level"": ""1""}","{""x"": 46.0, ""y"": 0.5, ""z"": 15.0}"
PRD-673E30B9,เข็มขัดหนัง ไซส์ S,Dapper,เสื้อผ้า/เครื่องประดับ,กางเกงหลวมไปนิด หรืออยากใส่เพิ่มความดูดีทางการ,511.65,5,"{""zone"": ""C"", ""section"": ""5"", ""shelf"": ""6"", ""shelf_level"": ""3""}","{""x"": 51.5, ""y"": 2.1, ""z"": 15.0}"
PRD-2EB547A6,ชุดชั้นในสตรี,Wacoal,เสื้อผ้า/ผู้หญิง,ชุดชั้นในเก่าฟองน้ำพัง ทรงไม่สวย ไม่กระชับ,729.46,24,"{""zone"": ""C"", ""section"": ""5"", ""shelf"": ""1"", ""shelf_level"": ""1""}","{""x"": 41.0, ""y"": 0.5, ""z"": 15.0}"
PRD-8869B272,ชุดชั้นในสตรี ไซส์ XL,Wacoal,เสื้อผ้า/ผู้หญิง,ชุดชั้นในเก่าฟองน้ำพัง ทรงไม่สวย ไม่กระชับ,1375.55,2,"{""zone"": ""C"", ""section"": ""5"", ""shelf"": ""3"", ""shelf_level"": ""1""}","{""x"": 46.0, ""y"": 0.5, ""z"": 15.0}"
PRD-CF91C062,ชุดชั้นในสตรี สีขาว,Wacoal,เสื้อผ้า/ผู้หญิง,ชุดชั้นในเก่าฟองน้ำพัง ทรงไม่สวย ไม่กระชับ,807.37,7,"{""zone"": ""C"", ""section"": ""5"", ""shelf"": ""4"", ""shelf_level"": ""3""}","{""x"": 56.5, ""y"": 2.1, ""z"": 15.0}"
PRD-C69B6748,ชุดชั้นในสตรี สีดำ,Wacoal,เสื้อผ้า/ผู้หญิง,ชุดชั้นในเก่าฟองน้ำพัง ทรงไม่สวย ไม่กระชับ,754.52,19,"{""zone"": ""C"", ""section"": ""5"", ""shelf"": ""4"", ""shelf_level"": ""2""}","{""x"": 56.5, ""y"": 1.3, ""z"": 15.0}"
PRD-740A4F00,ร่มพับ,ทั่วไป,เสื้อผ้า/เครื่องประดับ,ฝนตกแดดออก พกไว้กันฝนหรือกันแดดร้อนๆ,187.29,46,"{""zone"": ""C"", ""section"": ""5"", ""shelf"": ""5"", ""shelf_level"": ""3""}","{""x"": 54.0, ""y"": 2.1, ""z"": 15.0}"
PRD-C6B135B2,ร่มพับ ไซส์ XL,ทั่วไป,เสื้อผ้า/เครื่องประดับ,ฝนตกแดดออก พกไว้กันฝนหรือกันแดดร้อนๆ,298.26,36,"{""zone"": ""C"", ""section"": ""5"", ""shelf"": ""1"", ""shelf_level"": ""1""}","{""x"": 41.0, ""y"": 0.5, ""z"": 15.0}"
PRD-4F1F9E1F,ร่มพับ สีดำ,ทั่วไป,เสื้อผ้า/เครื่องประดับ,ฝนตกแดดออก พกไว้กันฝนหรือกันแดดร้อนๆ,204.38,17,"{""zone"": ""C"", ""section"": ""5"", ""shelf"": ""6"", ""shelf_level"": ""2""}","{""x"": 51.5, ""y"": 1.3, ""z"": 15.0}"
PRD-A0519696,ร่มพับ ไซส์ S,ทั่วไป,เสื้อผ้า/เครื่องประดับ,ฝนตกแดดออก พกไว้กันฝนหรือกันแดดร้อนๆ,134.52,28,"{""zone"": ""C"", ""section"": ""5"", ""shelf"": ""3"", ""shelf_level"": ""2""}","{""x"": 46.0, ""y"": 1.3, ""z"": 15.0}"
PRD-15DF20D3,หม้อทอดไร้น้ำมัน,Philips,ไฟฟ้า/ครัว,อยากกินของทอดแต่กลัวอ้วน หมูสามชั้นทอดเกรียมๆ ทำง่ายๆ,2877.7,7,"{""zone"": ""D"", ""section"": ""1"", ""shelf"": ""2"", ""shelf_level"": ""1""}","{""x"": 63.5, ""y"": 0.5, ""z"": 3.0}"
PRD-E7D2E75D,หม้อทอดไร้น้ำมัน รุ่นโปร,Philips,ไฟฟ้า/ครัว,อยากกินของทอดแต่กลัวอ้วน หมูสามชั้นทอดเกรียมๆ ทำง่ายๆ,4495.45,14,"{""zone"": ""D"", ""section"": ""1"", ""shelf"": ""2"", ""shelf_level"": ""1""}","{""x"": 63.5, ""y"": 0.5, ""z"": 3.0}"
PRD-7C1588CF,หม้อทอดไร้น้ำมัน รุ่นโปร,Philips,ไฟฟ้า/ครัว,อยากกินของทอดแต่กลัวอ้วน หมูสามชั้นทอดเกรียมๆ ทำง่ายๆ,5034.8,1,"{""zone"": ""D"", ""section"": ""1"", ""shelf"": ""4"", ""shelf_level"": ""1""}","{""x"": 76.5, ""y"": 0.5, ""z"": 3.0}"
PRD-8CAE708F,หม้อทอดไร้น้ำมัน รุ่นโปร,Philips,ไฟฟ้า/ครัว,อยากกินของทอดแต่กลัวอ้วน หมูสามชั้นทอดเกรียมๆ ทำง่ายๆ,4888.4,32,"{""zone"": ""D"", ""section"": ""1"", ""shelf"": ""6"", ""shelf_level"": ""1""}","{""x"": 71.5, ""y"": 0.5, ""z"": 3.0}"
PRD-E2969415,ไมโครเวฟ,Samsung,ไฟฟ้า/ครัว,ขี้เกียจทำอาหารเอง แค่เวฟอาหารแช่แข็งก็กินได้เลย หิวเมื่อไหร่ก็เวฟ,1950.72,22,"{""zone"": ""D"", ""section"": ""1"", ""shelf"": ""5"", ""shelf_level"": ""1""}","{""x"": 74.0, ""y"": 0.5, ""z"": 3.0}"
PRD-326FFC11,ไมโครเวฟ สีขาว,Samsung,ไฟฟ้า/ครัว,ขี้เกียจทำอาหารเอง แค่เวฟอาหารแช่แข็งก็กินได้เลย หิวเมื่อไหร่ก็เวฟ,1822.53,50,"{""zone"": ""D"", ""section"": ""1"", ""shelf"": ""5"", ""shelf_level"": ""1""}","{""x"": 74.0, ""y"": 0.5, ""z"": 3.0}"
PRD-7C3BA8C0,ไมโครเวฟ รุ่นมาตรฐาน,Samsung,ไฟฟ้า/ครัว,ขี้เกียจทำอาหารเอง แค่เวฟอาหารแช่แข็งก็กินได้เลย หิวเมื่อไหร่ก็เวฟ,2450.49,21,"{""zone"": ""D"", ""section"": ""1"", ""shelf"": ""3"", ""shelf_level"": ""1""}","{""x"": 66.0, ""y"": 0.5, ""z"": 3.0}"
PRD-44BC8993,หม้อหุงข้าว,Sharp,ไฟฟ้า/ครัว,อยากกินข้าวสวยร้อนๆ นุ่มๆ ทำกินเองที่หอพัก,926.19,25,"{""zone"": ""D"", ""section"": ""1"", ""shelf"": ""2"", ""shelf_level"": ""1""}","{""x"": 63.5, ""y"": 0.5, ""z"": 3.0}"
PRD-9DDF4AC2,หม้อหุงข้าว รุ่นมาตรฐาน,Sharp,ไฟฟ้า/ครัว,อยากกินข้าวสวยร้อนๆ นุ่มๆ ทำกินเองที่หอพัก,644.75,0,"{""zone"": ""D"", ""section"": ""1"", ""shelf"": ""4"", ""shelf_level"": ""1""}","{""x"": 76.5, ""y"": 0.5, ""z"": 3.0}"
PRD-8F9A55A3,หม้อหุงข้าว สีขาว,Sharp,ไฟฟ้า/ครัว,อยากกินข้าวสวยร้อนๆ นุ่มๆ ทำกินเองที่หอพัก,658.19,35,"{""zone"": ""D"", ""section"": ""1"", ""shelf"": ""2"", ""shelf_level"": ""1""}","{""x"": 63.5, ""y"": 0.5, ""z"": 3.0}"
PRD-CB7BDF6D,หม้อหุงข้าว สีขาว,Sharp,ไฟฟ้า/ครัว,อยากกินข้าวสวยร้อนๆ นุ่มๆ ทำกินเองที่หอพัก,630.5,2,"{""zone"": ""D"", ""section"": ""1"", ""shelf"": ""6"", ""shelf_level"": ""1""}","{""x"": 71.5, ""y"": 0.5, ""z"": 3.0}"
PRD-D5A682C7,กระติกน้ำร้อน,Toshiba,ไฟฟ้า/ครัว,อยากชงกาแฟตอนเช้า หรือต้มมาม่ากินตอนดึกๆ รวดเร็ว,1035.9,44,"{""zone"": ""D"", ""section"": ""1"", ""shelf"": ""5"", ""shelf_level"": ""3""}","{""x"": 74.0, ""y"": 2.1, ""z"": 3.0}"
PRD-8F8FA53B,กระติกน้ำร้อน สีขาว,Toshiba,ไฟฟ้า/ครัว,อยากชงกาแฟตอนเช้า หรือต้มมาม่ากินตอนดึกๆ รวดเร็ว,810.3,34,"{""zone"": ""D"", ""section"": ""1"", ""shelf"": ""1"", ""shelf_level"": ""1""}","{""x"": 61.0, ""y"": 0.5, ""z"": 3.0}"
PRD-95795B93,กระติกน้ำร้อน สีขาว,Toshiba,ไฟฟ้า/ครัว,อยากชงกาแฟตอนเช้า หรือต้มมาม่ากินตอนดึกๆ รวดเร็ว,1288.96,48,"{""zone"": ""D"", ""section"": ""1"", ""shelf"": ""5"", ""shelf_level"": ""2""}","{""x"": 74.0, ""y"": 1.3, ""z"": 3.0}"
PRD-F81A8A94,กระติกน้ำร้อน รุ่นมาตรฐาน,Toshiba,ไฟฟ้า/ครัว,อยากชงกาแฟตอนเช้า หรือต้มมาม่ากินตอนดึกๆ รวดเร็ว,1002.03,45,"{""zone"": ""D"", ""section"": ""1"", ""shelf"": ""2"", ""shelf_level"": ""3""}","{""x"": 63.5, ""y"": 2.1, ""z"": 3.0}"
PRD-D44C9F3B,เครื่องปั่นน้ำผลไม้,Tefal,ไฟฟ้า/ครัว,อยากทำสมูทตี้กินเอง รักสุขภาพ ดื่มแล้วชื่นใจ,1714.58,1,"{""zone"": ""D"", ""section"": ""1"", ""shelf"": ""3"", ""shelf_level"": ""1""}","{""x"": 66.0, ""y"": 0.5, ""z"": 3.0}"
PRD-50F433EF,เครื่องปั่นน้ำผลไม้ รุ่นโปร,Tefal,ไฟฟ้า/ครัว,อยากทำสมูทตี้กินเอง รักสุขภาพ ดื่มแล้วชื่นใจ,2192.82,28,"{""zone"": ""D"", ""section"": ""1"", ""shelf"": ""6"", ""shelf_level"": ""1""}","{""x"": 71.5, ""y"": 0.5, ""z"": 3.0}"
PRD-0516ED03,เครื่องปั่นน้ำผลไม้ สีดำ,Tefal,ไฟฟ้า/ครัว,อยากทำสมูทตี้กินเอง รักสุขภาพ ดื่มแล้วชื่นใจ,1469.17,28,"{""zone"": ""D"", ""section"": ""1"", ""shelf"": ""6"", ""shelf_level"": ""3""}","{""x"": 71.5, ""y"": 2.1, ""z"": 3.0}"
PRD-646F6F7D,ไดร์เป่าผม,Panasonic,ไฟฟ้า/ส่วนตัว,สระผมเสร็จแล้วผมเปียก อยากเป่าให้แห้งไวๆ ไม่ให้เป็นหวัด,640.26,33,"{""zone"": ""D"", ""section"": ""2"", ""shelf"": ""3"", ""shelf_level"": ""1""}","{""x"": 66.0, ""y"": 0.5, ""z"": 6.0}"
PRD-24012EC8,ไดร์เป่าผม สีขาว,Panasonic,ไฟฟ้า/ส่วนตัว,สระผมเสร็จแล้วผมเปียก อยากเป่าให้แห้งไวๆ ไม่ให้เป็นหวัด,591.82,31,"{""zone"": ""D"", ""section"": ""2"", ""shelf"": ""2"", ""shelf_level"": ""3""}","{""x"": 63.5, ""y"": 2.1, ""z"": 6.0}"
PRD-D85B452A,ไดร์เป่าผม สีขาว,Panasonic,ไฟฟ้า/ส่วนตัว,สระผมเสร็จแล้วผมเปียก อยากเป่าให้แห้งไวๆ ไม่ให้เป็นหวัด,593.47,49,"{""zone"": ""D"", ""section"": ""2"", ""shelf"": ""2"", ""shelf_level"": ""2""}","{""x"": 63.5, ""y"": 1.3, ""z"": 6.0}"
PRD-AAB62E94,ไดร์เป่าผม สีขาว,Panasonic,ไฟฟ้า/ส่วนตัว,สระผมเสร็จแล้วผมเปียก อยากเป่าให้แห้งไวๆ ไม่ให้เป็นหวัด,664.61,43,"{""zone"": ""D"", ""section"": ""2"", ""shelf"": ""5"", ""shelf_level"": ""2""}","{""x"": 74.0, ""y"": 1.3, ""z"": 6.0}"
PRD-A49F34FC,เครื่องหนีบผม,Lesasha,ไฟฟ้า/ส่วนตัว,ผมชี้ฟูไม่เป็นทรง อยากหนีบให้ตรงสลวย หรือม้วนลอนก่อนไปเที่ยว,1383.08,46,"{""zone"": ""D"", ""section"": ""2"", ""shelf"": ""2"", ""shelf_level"": ""2""}","{""x"": 63.5, ""y"": 1.3, ""z"": 6.0}"
PRD-5D7DB3D6,เครื่องหนีบผม รุ่นมาตรฐาน,Lesasha,ไฟฟ้า/ส่วนตัว,ผมชี้ฟูไม่เป็นทรง อยากหนีบให้ตรงสลวย หรือม้วนลอนก่อนไปเที่ยว,1484.22,5,"{""zone"": ""D"", ""section"": ""2"", ""shelf"": ""5"", ""shelf_level"": ""3""}","{""x"": 74.0, ""y"": 2.1, ""z"": 6.0}"
PRD-E3D32E0F,เครื่องหนีบผม สีดำ,Lesasha,ไฟฟ้า/ส่วนตัว,ผมชี้ฟูไม่เป็นทรง อยากหนีบให้ตรงสลวย หรือม้วนลอนก่อนไปเที่ยว,1418.74,11,"{""zone"": ""D"", ""section"": ""2"", ""shelf"": ""4"", ""shelf_level"": ""3""}","{""x"": 76.5, ""y"": 2.1, ""z"": 6.0}"
PRD-ABB60F2B,เครื่องโกนหนวดไฟฟ้า,Philips,ไฟฟ้า/ส่วนตัว,หนวดเครายาวเฟิ้ม โกนแบบเดิมแล้วโดนบาด เปลี่ยนมาใช้แบบไฟฟ้าดีกว่า,2129.74,45,"{""zone"": ""D"", ""section"": ""2"", ""shelf"": ""6"", ""shelf_level"": ""2""}","{""x"": 71.5, ""y"": 1.3, ""z"": 6.0}"
PRD-F31BC640,เครื่องโกนหนวดไฟฟ้า รุ่นมาตรฐาน,Philips,ไฟฟ้า/ส่วนตัว,หนวดเครายาวเฟิ้ม โกนแบบเดิมแล้วโดนบาด เปลี่ยนมาใช้แบบไฟฟ้าดีกว่า,1575.24,25,"{""zone"": ""D"", ""section"": ""2"", ""shelf"": ""5"", ""shelf_level"": ""3""}","{""x"": 74.0, ""y"": 2.1, ""z"": 6.0}"
PRD-4FCAEB1D,เครื่องโกนหนวดไฟฟ้า สีขาว,Philips,ไฟฟ้า/ส่วนตัว,หนวดเครายาวเฟิ้ม โกนแบบเดิมแล้วโดนบาด เปลี่ยนมาใช้แบบไฟฟ้าดีกว่า,2147.54,38,"{""zone"": ""D"", ""section"": ""2"", ""shelf"": ""6"", ""shelf_level"": ""2""}","{""x"": 71.5, ""y"": 1.3, ""z"": 6.0}"
PRD-75611D3C,แปรงสีฟันไฟฟ้า,Oral-B,ไฟฟ้า/ส่วนตัว,ขี้เกียจแปรงฟันเอง อยากให้แปรงทำงานให้ รู้สึกสะอาดล้ำลึกกว่าเดิม,1225.0,20,"{""zone"": ""D"", ""section"": ""2"", ""shelf"": ""4"", ""shelf_level"": ""3""}","{""x"": 76.5, ""y"": 2.1, ""z"": 6.0}"
PRD-8239B55C,แปรงสีฟันไฟฟ้า รุ่นโปร,Oral-B,ไฟฟ้า/ส่วนตัว,ขี้เกียจแปรงฟันเอง อยากให้แปรงทำงานให้ รู้สึกสะอาดล้ำลึกกว่าเดิม,2307.47,19,"{""zone"": ""D"", ""section"": ""2"", ""shelf"": ""4"", ""shelf_level"": ""3""}","{""x"": 76.5, ""y"": 2.1, ""z"": 6.0}"
PRD-D8397E81,แปรงสีฟันไฟฟ้า สีขาว,Oral-B,ไฟฟ้า/ส่วนตัว,ขี้เกียจแปรงฟันเอง อยากให้แปรงทำงานให้ รู้สึกสะอาดล้ำลึกกว่าเดิม,1733.95,37,"{""zone"": ""D"", ""section"": ""2"", ""shelf"": ""3"", ""shelf_level"": ""3""}","{""x"": 66.0, ""y"": 2.1, ""z"": 6.0}"
PRD-B280243F,แปรงสีฟันไฟฟ้า รุ่นโปร,Oral-B,ไฟฟ้า/ส่วนตัว,ขี้เกียจแปรงฟันเอง อยากให้แปรงทำงานให้ รู้สึกสะอาดล้ำลึกกว่าเดิม,2468.37,38,"{""zone"": ""D"", ""section"": ""2"", ""shelf"": ""1"", ""shelf_level"": ""3""}","{""x"": 61.0, ""y"": 2.1, ""z"": 6.0}"
PRD-7289D3DD,เครื่องชั่งน้ำหนักดิจิทัล,Xiaomi,ไฟฟ้า/ส่วนตัว,ช่วงนี้กินเยอะ รู้สึกอึดอัด อยากเช็คว่าน้ำหนักขึ้นไปเท่าไหร่แล้ว จะได้คุมอาหาร,660.98,15,"{""zone"": ""D"", ""section"": ""2"", ""shelf"": ""1"", ""shelf_level"": ""2""}","{""x"": 61.0, ""y"": 1.3, ""z"": 6.0}"
PRD-E748DD05,เครื่องชั่งน้ำหนักดิจิทัล รุ่นมาตรฐาน,Xiaomi,ไฟฟ้า/ส่วนตัว,ช่วงนี้กินเยอะ รู้สึกอึดอัด อยากเช็คว่าน้ำหนักขึ้นไปเท่าไหร่แล้ว จะได้คุมอาหาร,466.75,15,"{""zone"": ""D"", ""section"": ""2"", ""shelf"": ""3"", ""shelf_level"": ""2""}","{""x"": 66.0, ""y"": 1.3, ""z"": 6.0}"
PRD-2E6E4862,เครื่องชั่งน้ำหนักดิจิทัล สีดำ,Xiaomi,ไฟฟ้า/ส่วนตัว,ช่วงนี้กินเยอะ รู้สึกอึดอัด อยากเช็คว่าน้ำหนักขึ้นไปเท่าไหร่แล้ว จะได้คุมอาหาร,507.5,50,"{""zone"": ""D"", ""section"": ""2"", ""shelf"": ""4"", ""shelf_level"": ""3""}","{""x"": 76.5, ""y"": 2.1, ""z"": 6.0}"
PRD-5D8DC772,เครื่องชั่งน้ำหนักดิจิทัล รุ่นมาตรฐาน,Xiaomi,ไฟฟ้า/ส่วนตัว,ช่วงนี้กินเยอะ รู้สึกอึดอัด อยากเช็คว่าน้ำหนักขึ้นไปเท่าไหร่แล้ว จะได้คุมอาหาร,588.69,7,"{""zone"": ""D"", ""section"": ""2"", ""shelf"": ""2"", ""shelf_level"": ""1""}","{""x"": 63.5, ""y"": 0.5, ""z"": 6.0}"
PRD-30713F2B,เมาส์ไร้สาย,Logitech,ไฟฟ้า/ไอที,สายเมาส์พันกันรุงรัง รำคาญ เลื่อนไม่ถนัด อยากได้แบบไร้สายอิสระ,652.38,26,"{""zone"": ""D"", ""section"": ""3"", ""shelf"": ""4"", ""shelf_level"": ""1""}","{""x"": 76.5, ""y"": 0.5, ""z"": 9.0}"
PRD-8CD7EA13,เมาส์ไร้สาย รุ่นมาตรฐาน,Logitech,ไฟฟ้า/ไอที,สายเมาส์พันกันรุงรัง รำคาญ เลื่อนไม่ถนัด อยากได้แบบไร้สายอิสระ,511.05,46,"{""zone"": ""D"", ""section"": ""3"", ""shelf"": ""2"", ""shelf_level"": ""1""}","{""x"": 63.5, ""y"": 0.5, ""z"": 9.0}"
PRD-5A504308,เมาส์ไร้สาย รุ่นโปร,Logitech,ไฟฟ้า/ไอที,สายเมาส์พันกันรุงรัง รำคาญ เลื่อนไม่ถนัด อยากได้แบบไร้สายอิสระ,652.62,25,"{""zone"": ""D"", ""section"": ""3"", ""shelf"": ""2"", ""shelf_level"": ""2""}","{""x"": 63.5, ""y"": 1.3, ""z"": 9.0}"
PRD-DF245D04,คีย์บอร์ดบลูทูธ,Keychron,ไฟฟ้า/ไอที,อยากพิมพ์งานในไอแพดถนัดๆ หรือชอบเสียงพิมพ์คีย์บอร์ดกลไกเพลินๆ,3242.07,46,"{""zone"": ""D"", ""section"": ""3"", ""shelf"": ""3"", ""shelf_level"": ""2""}","{""x"": 66.0, ""y"": 1.3, ""z"": 9.0}"
PRD-30479177,คีย์บอร์ดบลูทูธ รุ่นมาตรฐาน,Keychron,ไฟฟ้า/ไอที,อยากพิมพ์งานในไอแพดถนัดๆ หรือชอบเสียงพิมพ์คีย์บอร์ดกลไกเพลินๆ,2808.76,29,"{""zone"": ""D"", ""section"": ""3"", ""shelf"": ""3"", ""shelf_level"": ""3""}","{""x"": 66.0, ""y"": 2.1, ""z"": 9.0}"
PRD-5749ED65,คีย์บอร์ดบลูทูธ รุ่นโปร,Keychron,ไฟฟ้า/ไอที,อยากพิมพ์งานในไอแพดถนัดๆ หรือชอบเสียงพิมพ์คีย์บอร์ดกลไกเพลินๆ,4143.63,47,"{""zone"": ""D"", ""section"": ""3"", ""shelf"": ""2"", ""shelf_level"": ""2""}","{""x"": 63.5, ""y"": 1.3, ""z"": 9.0}"
PRD-FBC85AF4,คีย์บอร์ดบลูทูธ สีดำ,Keychron,ไฟฟ้า/ไอที,อยากพิมพ์งานในไอแพดถนัดๆ หรือชอบเสียงพิมพ์คีย์บอร์ดกลไกเพลินๆ,3287.53,43,"{""zone"": ""D"", ""section"": ""3"", ""shelf"": ""2"", ""shelf_level"": ""1""}","{""x"": 63.5, ""y"": 0.5, ""z"": 9.0}"
PRD-E0E937D9,คีย์บอร์ดบลูทูธ สีขาว,Keychron,ไฟฟ้า/ไอที,อยากพิมพ์งานในไอแพดถนัดๆ หรือชอบเสียงพิมพ์คีย์บอร์ดกลไกเพลินๆ,3676.67,17,"{""zone"": ""D"", ""section"": ""3"", ""shelf"": ""6"", ""shelf_level"": ""2""}","{""x"": 71.5, ""y"": 1.3, ""z"": 9.0}"
PRD-13E791CE,หูฟังบลูทูธ,Apple AirPods,ไฟฟ้า/ไอที,นั่งรถเมล์เบื่อๆ อยากฟังเพลงดูซีรีส์แบบไม่มีสายเกะกะ หรือตัดเสียงรบกวน,4098.54,15,"{""zone"": ""D"", ""section"": ""3"", ""shelf"": ""2"", ""shelf_level"": ""2""}","{""x"": 63.5, ""y"": 1.3, ""z"": 9.0}"
PRD-27AE734F,หูฟังบลูทูธ รุ่นโปร,Apple AirPods,ไฟฟ้า/ไอที,นั่งรถเมล์เบื่อๆ อยากฟังเพลงดูซีรีส์แบบไม่มีสายเกะกะ หรือตัดเสียงรบกวน,9765.61,18,"{""zone"": ""D"", ""section"": ""3"", ""shelf"": ""6"", ""shelf_level"": ""3""}","{""x"": 71.5, ""y"": 2.1, ""z"": 9.0}"
PRD-DACF7411,หูฟังบลูทูธ สีขาว,Apple AirPods,ไฟฟ้า/ไอที,นั่งรถเมล์เบื่อๆ อยากฟังเพลงดูซีรีส์แบบไม่มีสายเกะกะ หรือตัดเสียงรบกวน,4586.88,34,"{""zone"": ""D"", ""section"": ""3"", ""shelf"": ""4"", ""shelf_level"": ""1""}","{""x"": 76.5, ""y"": 0.5, ""z"": 9.0}"
PRD-CB8E46D3,หูฟังบลูทูธ สีขาว,Apple AirPods,ไฟฟ้า/ไอที,นั่งรถเมล์เบื่อๆ อยากฟังเพลงดูซีรีส์แบบไม่มีสายเกะกะ หรือตัดเสียงรบกวน,5753.8,40,"{""zone"": ""D"", ""section"": ""3"", ""shelf"": ""5"", ""shelf_level"": ""2""}","{""x"": 74.0, ""y"": 1.3, ""z"": 9.0}"
PRD-971F2A70,หูฟังบลูทูธ รุ่นมาตรฐาน,Apple AirPods,ไฟฟ้า/ไอที,นั่งรถเมล์เบื่อๆ อยากฟังเพลงดูซีรีส์แบบไม่มีสายเกะกะ หรือตัดเสียงรบกวน,6882.16,35,"{""zone"": ""D"", ""section"": ""3"", ""shelf"": ""6"", ""shelf_level"": ""1""}","{""x"": 71.5, ""y"": 0.5, ""z"": 9.0}"
PRD-41BC689A,แฟลชไดร์ฟ 64GB,SanDisk,ไฟฟ้า/ไอที,คอมเมมเต็ม หรือต้องก๊อปปี้ไฟล์งานพรีเซนต์ไปส่งอาจารย์ด่วนๆ,276.86,25,"{""zone"": ""D"", ""section"": ""3"", ""shelf"": ""5"", ""shelf_level"": ""3""}","{""x"": 74.0, ""y"": 2.1, ""z"": 9.0}"
PRD-0465FD18,แฟลชไดร์ฟ 64GB สีขาว,SanDisk,ไฟฟ้า/ไอที,คอมเมมเต็ม หรือต้องก๊อปปี้ไฟล์งานพรีเซนต์ไปส่งอาจารย์ด่วนๆ,341.37,18,"{""zone"": ""D"", ""section"": ""3"", ""shelf"": ""2"", ""shelf_level"": ""1""}","{""x"": 63.5, ""y"": 0.5, ""z"": 9.0}"
PRD-1C1C6AEA,แฟลชไดร์ฟ 64GB รุ่นโปร,SanDisk,ไฟฟ้า/ไอที,คอมเมมเต็ม หรือต้องก๊อปปี้ไฟล์งานพรีเซนต์ไปส่งอาจารย์ด่วนๆ,406.98,48,"{""zone"": ""D"", ""section"": ""3"", ""shelf"": ""6"", ""shelf_level"": ""1""}","{""x"": 71.5, ""y"": 0.5, ""z"": 9.0}"
PRD-8A604921,แฟลชไดร์ฟ 64GB รุ่นมาตรฐาน,SanDisk,ไฟฟ้า/ไอที,คอมเมมเต็ม หรือต้องก๊อปปี้ไฟล์งานพรีเซนต์ไปส่งอาจารย์ด่วนๆ,405.99,9,"{""zone"": ""D"", ""section"": ""3"", ""shelf"": ""2"", ""shelf_level"": ""3""}","{""x"": 63.5, ""y"": 2.1, ""z"": 9.0}"
PRD-31FD110D,แผ่นรองเมาส์,Razer,ไฟฟ้า/ไอที,เลื่อนเมาส์บนโต๊ะแล้วฝืด เล่นเกมไม่ลื่นไหล หงุดหงิดเวลาเล็งยิง,317.82,39,"{""zone"": ""D"", ""section"": ""3"", ""shelf"": ""1"", ""shelf_level"": ""1""}","{""x"": 61.0, ""y"": 0.5, ""z"": 9.0}"
PRD-D11FA563,แผ่นรองเมาส์ สีดำ,Razer,ไฟฟ้า/ไอที,เลื่อนเมาส์บนโต๊ะแล้วฝืด เล่นเกมไม่ลื่นไหล หงุดหงิดเวลาเล็งยิง,457.51,26,"{""zone"": ""D"", ""section"": ""3"", ""shelf"": ""3"", ""shelf_level"": ""1""}","{""x"": 66.0, ""y"": 0.5, ""z"": 9.0}"
PRD-D79348BA,แผ่นรองเมาส์ รุ่นมาตรฐาน,Razer,ไฟฟ้า/ไอที,เลื่อนเมาส์บนโต๊ะแล้วฝืด เล่นเกมไม่ลื่นไหล หงุดหงิดเวลาเล็งยิง,325.96,46,"{""zone"": ""D"", ""section"": ""3"", ""shelf"": ""3"", ""shelf_level"": ""3""}","{""x"": 66.0, ""y"": 2.1, ""z"": 9.0}"
PRD-DB9EE265,แผ่นรองเมาส์ รุ่นมาตรฐาน,Razer,ไฟฟ้า/ไอที,เลื่อนเมาส์บนโต๊ะแล้วฝืด เล่นเกมไม่ลื่นไหล หงุดหงิดเวลาเล็งยิง,438.99,24,"{""zone"": ""D"", ""section"": ""3"", ""shelf"": ""5"", ""shelf_level"": ""3""}","{""x"": 74.0, ""y"": 2.1, ""z"": 9.0}"
PRD-7B44BDDD,พาวเวอร์แบงค์ 10000mAh,Eloop,ไฟฟ้า/มือถือ,แบตมือถือจะหมดระหว่างวัน แบตแดงแล้วใจคอไม่ดี ต้องชาร์จด่วน,852.52,17,"{""zone"": ""D"", ""section"": ""4"", ""shelf"": ""2"", ""shelf_level"": ""1""}","{""x"": 63.5, ""y"": 0.5, ""z"": 12.0}"
PRD-5C155BF6,พาวเวอร์แบงค์ 10000mAh รุ่นโปร,Eloop,ไฟฟ้า/มือถือ,แบตมือถือจะหมดระหว่างวัน แบตแดงแล้วใจคอไม่ดี ต้องชาร์จด่วน,965.69,50,"{""zone"": ""D"", ""section"": ""4"", ""shelf"": ""2"", ""shelf_level"": ""1""}","{""x"": 63.5, ""y"": 0.5, ""z"": 12.0}"
PRD-4FC42FB1,พาวเวอร์แบงค์ 10000mAh สีดำ,Eloop,ไฟฟ้า/มือถือ,แบตมือถือจะหมดระหว่างวัน แบตแดงแล้วใจคอไม่ดี ต้องชาร์จด่วน,670.35,43,"{""zone"": ""D"", ""section"": ""4"", ""shelf"": ""4"", ""shelf_level"": ""1""}","{""x"": 76.5, ""y"": 0.5, ""z"": 12.0}"
PRD-B151D85A,สายชาร์จ Type-C,UGREEN,ไฟฟ้า/มือถือ,สายชาร์จเก่าขาด ชาร์จไม่เข้า ขยับทีไรหลุด หงุดหงิดมาก,143.55,8,"{""zone"": ""D"", ""section"": ""4"", ""shelf"": ""5"", ""shelf_level"": ""2""}","{""x"": 74.0, ""y"": 1.3, ""z"": 12.0}"
PRD-B41A328B,สายชาร์จ Type-C สีขาว,UGREEN,ไฟฟ้า/มือถือ,สายชาร์จเก่าขาด ชาร์จไม่เข้า ขยับทีไรหลุด หงุดหงิดมาก,134.29,2,"{""zone"": ""D"", ""section"": ""4"", ""shelf"": ""3"", ""shelf_level"": ""1""}","{""x"": 66.0, ""y"": 0.5, ""z"": 12.0}"
PRD-F9EBC167,สายชาร์จ Type-C รุ่นมาตรฐาน,UGREEN,ไฟฟ้า/มือถือ,สายชาร์จเก่าขาด ชาร์จไม่เข้า ขยับทีไรหลุด หงุดหงิดมาก,134.39,25,"{""zone"": ""D"", ""section"": ""4"", ""shelf"": ""5"", ""shelf_level"": ""3""}","{""x"": 74.0, ""y"": 2.1, ""z"": 12.0}"
PRD-2840E91A,หัวชาร์จไว (Fast Charge),Anker,ไฟฟ้า/มือถือ,รีบออกจากบ้านแต่แบตน้อย อยากชาร์จให้เต็มไวที่สุดในเวลาสั้นๆ,466.73,24,"{""zone"": ""D"", ""section"": ""4"", ""shelf"": ""5"", ""shelf_level"": ""1""}","{""x"": 74.0, ""y"": 0.5, ""z"": 12.0}"
PRD-B23FF740,หัวชาร์จไว (Fast Charge) รุ่นโปร,Anker,ไฟฟ้า/มือถือ,รีบออกจากบ้านแต่แบตน้อย อยากชาร์จให้เต็มไวที่สุดในเวลาสั้นๆ,704.79,33,"{""zone"": ""D"", ""section"": ""4"", ""shelf"": ""2"", ""shelf_level"": ""2""}","{""x"": 63.5, ""y"": 1.3, ""z"": 12.0}"
PRD-2D2342A2,หัวชาร์จไว (Fast Charge) รุ่นโปร,Anker,ไฟฟ้า/มือถือ,รีบออกจากบ้านแต่แบตน้อย อยากชาร์จให้เต็มไวที่สุดในเวลาสั้นๆ,885.17,35,"{""zone"": ""D"", ""section"": ""4"", ""shelf"": ""1"", ""shelf_level"": ""3""}","{""x"": 61.0, ""y"": 2.1, ""z"": 12.0}"
PRD-1BB6B8F3,หัวชาร์จไว (Fast Charge) สีดำ,Anker,ไฟฟ้า/มือถือ,รีบออกจากบ้านแต่แบตน้อย อยากชาร์จให้เต็มไวที่สุดในเวลาสั้นๆ,527.11,19,"{""zone"": ""D"", ""section"": ""4"", ""shelf"": ""3"", ""shelf_level"": ""1""}","{""x"": 66.0, ""y"": 0.5, ""z"": 12.0}"
PRD-097873B7,ฟิล์มกระจกกันรอย,Focus,ไฟฟ้า/มือถือ,ทำมือถือตกบ่อย กลัวหน้าจอแตก เปลี่ยนฟิล์มใหม่อุ่นใจกว่า,307.73,25,"{""zone"": ""D"", ""section"": ""4"", ""shelf"": ""4"", ""shelf_level"": ""1""}","{""x"": 76.5, ""y"": 0.5, ""z"": 12.0}"
PRD-34300005,ฟิล์มกระจกกันรอย สีดำ,Focus,ไฟฟ้า/มือถือ,ทำมือถือตกบ่อย กลัวหน้าจอแตก เปลี่ยนฟิล์มใหม่อุ่นใจกว่า,295.43,20,"{""zone"": ""D"", ""section"": ""4"", ""shelf"": ""6"", ""shelf_level"": ""3""}","{""x"": 71.5, ""y"": 2.1, ""z"": 12.0}"
PRD-A0605702,ฟิล์มกระจกกันรอย สีขาว,Focus,ไฟฟ้า/มือถือ,ทำมือถือตกบ่อย กลัวหน้าจอแตก เปลี่ยนฟิล์มใหม่อุ่นใจกว่า,364.2,41,"{""zone"": ""D"", ""section"": ""4"", ""shelf"": ""3"", ""shelf_level"": ""1""}","{""x"": 66.0, ""y"": 0.5, ""z"": 12.0}"
PRD-082E0CF1,ฟิล์มกระจกกันรอย สีขาว,Focus,ไฟฟ้า/มือถือ,ทำมือถือตกบ่อย กลัวหน้าจอแตก เปลี่ยนฟิล์มใหม่อุ่นใจกว่า,283.81,27,"{""zone"": ""D"", ""section"": ""4"", ""shelf"": ""6"", ""shelf_level"": ""2""}","{""x"": 71.5, ""y"": 1.3, ""z"": 12.0}"
PRD-7A23013D,เคสมือถือใสกันกระแทก,Spigen,ไฟฟ้า/มือถือ,อยากโชว์สีเครื่องมือถือสวยๆ แต่ก็อยากให้กันกระแทกได้ดีเวลาทำตก,591.88,7,"{""zone"": ""D"", ""section"": ""4"", ""shelf"": ""2"", ""shelf_level"": ""1""}","{""x"": 63.5, ""y"": 0.5, ""z"": 12.0}"
PRD-D2A0CDBE,เคสมือถือใสกันกระแทก รุ่นโปร,Spigen,ไฟฟ้า/มือถือ,อยากโชว์สีเครื่องมือถือสวยๆ แต่ก็อยากให้กันกระแทกได้ดีเวลาทำตก,895.52,35,"{""zone"": ""D"", ""section"": ""4"", ""shelf"": ""5"", ""shelf_level"": ""2""}","{""x"": 74.0, ""y"": 1.3, ""z"": 12.0}"
PRD-AECF7AAB,เคสมือถือใสกันกระแทก สีดำ,Spigen,ไฟฟ้า/มือถือ,อยากโชว์สีเครื่องมือถือสวยๆ แต่ก็อยากให้กันกระแทกได้ดีเวลาทำตก,410.08,41,"{""zone"": ""D"", ""section"": ""4"", ""shelf"": ""2"", ""shelf_level"": ""1""}","{""x"": 63.5, ""y"": 0.5, ""z"": 12.0}"
PRD-7112C01A,เคสมือถือใสกันกระแทก สีขาว,Spigen,ไฟฟ้า/มือถือ,อยากโชว์สีเครื่องมือถือสวยๆ แต่ก็อยากให้กันกระแทกได้ดีเวลาทำตก,620.88,47,"{""zone"": ""D"", ""section"": ""4"", ""shelf"": ""3"", ""shelf_level"": ""3""}","{""x"": 66.0, ""y"": 2.1, ""z"": 12.0}"
PRD-97CC92D1,เคสมือถือใสกันกระแทก สีดำ,Spigen,ไฟฟ้า/มือถือ,อยากโชว์สีเครื่องมือถือสวยๆ แต่ก็อยากให้กันกระแทกได้ดีเวลาทำตก,521.28,18,"{""zone"": ""D"", ""section"": ""4"", ""shelf"": ""2"", ""shelf_level"": ""1""}","{""x"": 63.5, ""y"": 0.5, ""z"": 12.0}"
PRD-D3AF1DEF,พัดลมตั้งโต๊ะ,Hatari,ไฟฟ้า/บ้าน,อากาศร้อนอบอ้าว แอร์เสียหรือไม่อยากเปิดแอร์เปลืองไฟ อยากได้ลมเย็นๆ,674.82,2,"{""zone"": ""D"", ""section"": ""5"", ""shelf"": ""3"", ""shelf_level"": ""3""}","{""x"": 66.0, ""y"": 2.1, ""z"": 15.0}"
PRD-97FFD937,พัดลมตั้งโต๊ะ สีดำ,Hatari,ไฟฟ้า/บ้าน,อากาศร้อนอบอ้าว แอร์เสียหรือไม่อยากเปิดแอร์เปลืองไฟ อยากได้ลมเย็นๆ,1025.85,6,"{""zone"": ""D"", ""section"": ""5"", ""shelf"": ""5"", ""shelf_level"": ""3""}","{""x"": 74.0, ""y"": 2.1, ""z"": 15.0}"
PRD-3338E1B0,พัดลมตั้งโต๊ะ สีขาว,Hatari,ไฟฟ้า/บ้าน,อากาศร้อนอบอ้าว แอร์เสียหรือไม่อยากเปิดแอร์เปลืองไฟ อยากได้ลมเย็นๆ,578.87,29,"{""zone"": ""D"", ""section"": ""5"", ""shelf"": ""4"", ""shelf_level"": ""3""}","{""x"": 76.5, ""y"": 2.1, ""z"": 15.0}"
PRD-2E300DB4,เตารีดไอน้ำ,Philips,ไฟฟ้า/บ้าน,เสื้อผ้ายับมาก รีดแบบธรรมดาไม่เรียบ ต้องใช้ไอน้ำช่วยให้ผ้าเรียบกริบ,1277.01,38,"{""zone"": ""D"", ""section"": ""5"", ""shelf"": ""2"", ""shelf_level"": ""1""}","{""x"": 63.5, ""y"": 0.5, ""z"": 15.0}"
PRD-B6DC9B6E,เตารีดไอน้ำ รุ่นโปร,Philips,ไฟฟ้า/บ้าน,เสื้อผ้ายับมาก รีดแบบธรรมดาไม่เรียบ ต้องใช้ไอน้ำช่วยให้ผ้าเรียบกริบ,2475.59,30,"{""zone"": ""D"", ""section"": ""5"", ""shelf"": ""5"", ""shelf_level"": ""3""}","{""x"": 74.0, ""y"": 2.1, ""z"": 15.0}"
PRD-AE9190AB,เตารีดไอน้ำ รุ่นมาตรฐาน,Philips,ไฟฟ้า/บ้าน,เสื้อผ้ายับมาก รีดแบบธรรมดาไม่เรียบ ต้องใช้ไอน้ำช่วยให้ผ้าเรียบกริบ,1562.35,7,"{""zone"": ""D"", ""section"": ""5"", ""shelf"": ""3"", ""shelf_level"": ""3""}","{""x"": 66.0, ""y"": 2.1, ""z"": 15.0}"
PRD-5AFC8CF8,เครื่องดูดฝุ่นไร้สาย,Dyson,ไฟฟ้า/บ้าน,ฝุ่นเยอะ เส้นผมเต็มพื้น ขี้เกียจกวาดบ้าน อยากดูดปรู๊ดเดียวสะอาดเลย,15299.72,24,"{""zone"": ""D"", ""section"": ""5"", ""shelf"": ""2"", ""shelf_level"": ""1""}","{""x"": 63.5, ""y"": 0.5, ""z"": 15.0}"
PRD-A5B17B28,เครื่องดูดฝุ่นไร้สาย สีขาว,Dyson,ไฟฟ้า/บ้าน,ฝุ่นเยอะ เส้นผมเต็มพื้น ขี้เกียจกวาดบ้าน อยากดูดปรู๊ดเดียวสะอาดเลย,16630.17,47,"{""zone"": ""D"", ""section"": ""5"", ""shelf"": ""2"", ""shelf_level"": ""1""}","{""x"": 63.5, ""y"": 0.5, ""z"": 15.0}"
PRD-43001373,เครื่องดูดฝุ่นไร้สาย สีขาว,Dyson,ไฟฟ้า/บ้าน,ฝุ่นเยอะ เส้นผมเต็มพื้น ขี้เกียจกวาดบ้าน อยากดูดปรู๊ดเดียวสะอาดเลย,14859.2,5,"{""zone"": ""D"", ""section"": ""5"", ""shelf"": ""1"", ""shelf_level"": ""1""}","{""x"": 61.0, ""y"": 0.5, ""z"": 15.0}"
PRD-4371AD36,ปลั๊กพ่วง 3 ตา,Toshino,ไฟฟ้า/บ้าน,ช่องเสียบปลั๊กไม่พอ มีเครื่องใช้ไฟฟ้าหลายชิ้นต้องเสียบพร้อมกัน,474.24,47,"{""zone"": ""D"", ""section"": ""5"", ""shelf"": ""1"", ""shelf_level"": ""3""}","{""x"": 61.0, ""y"": 2.1, ""z"": 15.0}"
PRD-62183B02,ปลั๊กพ่วง 3 ตา รุ่นโปร,Toshino,ไฟฟ้า/บ้าน,ช่องเสียบปลั๊กไม่พอ มีเครื่องใช้ไฟฟ้าหลายชิ้นต้องเสียบพร้อมกัน,676.4,50,"{""zone"": ""D"", ""section"": ""5"", ""shelf"": ""4"", ""shelf_level"": ""3""}","{""x"": 76.5, ""y"": 2.1, ""z"": 15.0}"
PRD-D715D25F,ปลั๊กพ่วง 3 ตา รุ่นมาตรฐาน,Toshino,ไฟฟ้า/บ้าน,ช่องเสียบปลั๊กไม่พอ มีเครื่องใช้ไฟฟ้าหลายชิ้นต้องเสียบพร้อมกัน,310.87,8,"{""zone"": ""D"", ""section"": ""5"", ""shelf"": ""1"", ""shelf_level"": ""1""}","{""x"": 61.0, ""y"": 0.5, ""z"": 15.0}"
PRD-C871DDD5,ปลั๊กพ่วง 3 ตา สีขาว,Toshino,ไฟฟ้า/บ้าน,ช่องเสียบปลั๊กไม่พอ มีเครื่องใช้ไฟฟ้าหลายชิ้นต้องเสียบพร้อมกัน,321.88,6,"{""zone"": ""D"", ""section"": ""5"", ""shelf"": ""3"", ""shelf_level"": ""2""}","{""x"": 66.0, ""y"": 1.3, ""z"": 15.0}"
PRD-7986C455,หลอดไฟ LED,Philips,ไฟฟ้า/บ้าน,ไฟในห้องขาด มืดตึ้บ มองอะไรไม่เห็น ต้องรีบเปลี่ยนด่วน,105.44,28,"{""zone"": ""D"", ""section"": ""5"", ""shelf"": ""3"", ""shelf_level"": ""1""}","{""x"": 66.0, ""y"": 0.5, ""z"": 15.0}"
PRD-F839636E,หลอดไฟ LED สีดำ,Philips,ไฟฟ้า/บ้าน,ไฟในห้องขาด มืดตึ้บ มองอะไรไม่เห็น ต้องรีบเปลี่ยนด่วน,133.12,17,"{""zone"": ""D"", ""section"": ""5"", ""shelf"": ""6"", ""shelf_level"": ""2""}","{""x"": 71.5, ""y"": 1.3, ""z"": 15.0}"
PRD-2E30759D,หลอดไฟ LED รุ่นโปร,Philips,ไฟฟ้า/บ้าน,ไฟในห้องขาด มืดตึ้บ มองอะไรไม่เห็น ต้องรีบเปลี่ยนด่วน,182.37,42,"{""zone"": ""D"", ""section"": ""5"", ""shelf"": ""3"", ""shelf_level"": ""3""}","{""x"": 66.0, ""y"": 2.1, ""z"": 15.0}"
PRD-B5A25724,หลอดไฟ LED รุ่นโปร,Philips,ไฟฟ้า/บ้าน,ไฟในห้องขาด มืดตึ้บ มองอะไรไม่เห็น ต้องรีบเปลี่ยนด่วน,185.85,30,"{""zone"": ""D"", ""section"": ""5"", ""shelf"": ""1"", ""shelf_level"": ""2""}","{""x"": 61.0, ""y"": 1.3, ""z"": 15.0}"
PRD-3CD9DEC3,พาราเซตามอล,ไทลินอล,ยา/แก้ปวด,ปวดหัว ตัวร้อน รู้สึกเหมือนจะเป็นไข้ ไม่ค่อยสบายตัว,17.7,33,"{""zone"": ""E"", ""section"": ""1"", ""shelf"": ""4"", ""shelf_level"": ""2""}","{""x"": 96.5, ""y"": 1.3, ""z"": 3.0}"
PRD-468B0B0A,พาราเซตามอล แบบขวด,ไทลินอล,ยา/แก้ปวด,ปวดหัว ตัวร้อน รู้สึกเหมือนจะเป็นไข้ ไม่ค่อยสบายตัว,17.77,6,"{""zone"": ""E"", ""section"": ""1"", ""shelf"": ""6"", ""shelf_level"": ""3""}","{""x"": 91.5, ""y"": 2.1, ""z"": 3.0}"
PRD-D64F68EA,พาราเซตามอล แบบขวด,ไทลินอล,ยา/แก้ปวด,ปวดหัว ตัวร้อน รู้สึกเหมือนจะเป็นไข้ ไม่ค่อยสบายตัว,17.97,21,"{""zone"": ""E"", ""section"": ""1"", ""shelf"": ""1"", ""shelf_level"": ""1""}","{""x"": 81.0, ""y"": 0.5, ""z"": 3.0}"
PRD-DD82F3CC,พาราเซตามอล ขนาดเล็ก,ไทลินอล,ยา/แก้ปวด,ปวดหัว ตัวร้อน รู้สึกเหมือนจะเป็นไข้ ไม่ค่อยสบายตัว,11.37,13,"{""zone"": ""E"", ""section"": ""1"", ""shelf"": ""5"", ""shelf_level"": ""1""}","{""x"": 94.0, ""y"": 0.5, ""z"": 3.0}"
PRD-5D7DBD97,พาราเซตามอล แบบขวด,ไทลินอล,ยา/แก้ปวด,ปวดหัว ตัวร้อน รู้สึกเหมือนจะเป็นไข้ ไม่ค่อยสบายตัว,13.56,45,"{""zone"": ""E"", ""section"": ""1"", ""shelf"": ""3"", ""shelf_level"": ""2""}","{""x"": 86.0, ""y"": 1.3, ""z"": 3.0}"
PRD-0919519B,ยาแก้ปวดประจำเดือน,พอนสแตน,ยา/แก้ปวด,ปวดท้องเมนส์หนักมาก ปวดบิดๆ ทรมานจนทำอะไรไม่ได้,94.83,35,"{""zone"": ""E"", ""section"": ""1"", ""shelf"": ""2"", ""shelf_level"": ""1""}","{""x"": 83.5, ""y"": 0.5, ""z"": 3.0}"
PRD-D5D13502,ยาแก้ปวดประจำเดือน แบบแผง,พอนสแตน,ยา/แก้ปวด,ปวดท้องเมนส์หนักมาก ปวดบิดๆ ทรมานจนทำอะไรไม่ได้,75.6,3,"{""zone"": ""E"", ""section"": ""1"", ""shelf"": ""3"", ""shelf_level"": ""1""}","{""x"": 86.0, ""y"": 0.5, ""z"": 3.0}"
PRD-604A129F,ยาแก้ปวดประจำเดือน แบบแผง,พอนสแตน,ยา/แก้ปวด,ปวดท้องเมนส์หนักมาก ปวดบิดๆ ทรมานจนทำอะไรไม่ได้,94.59,9,"{""zone"": ""E"", ""section"": ""1"", ""shelf"": ""4"", ""shelf_level"": ""1""}","{""x"": 96.5, ""y"": 0.5, ""z"": 3.0}"
PRD-1F44E4F9,ยาแก้ปวดประจำเดือน แบบขวด,พอนสแตน,ยา/แก้ปวด,ปวดท้องเมนส์หนักมาก ปวดบิดๆ ทรมานจนทำอะไรไม่ได้,67.99,44,"{""zone"": ""E"", ""section"": ""1"", ""shelf"": ""3"", ""shelf_level"": ""2""}","{""x"": 86.0, ""y"": 1.3, ""z"": 3.0}"
PRD-09461654,เจลทาแก้ปวดเมื่อย,เคาน์เตอร์เพน,ยา/แก้ปวด,ปวดเมื่อยกล้ามเนื้อจากการออกกำลังกาย หรือนั่งทำงานนานๆ ออฟฟิศซินโดรม,107.47,20,"{""zone"": ""E"", ""section"": ""1"", ""shelf"": ""5"", ""shelf_level"": ""2""}","{""x"": 94.0, ""y"": 1.3, ""z"": 3.0}"
PRD-CD778439,เจลทาแก้ปวดเมื่อย แบบขวด,เคาน์เตอร์เพน,ยา/แก้ปวด,ปวดเมื่อยกล้ามเนื้อจากการออกกำลังกาย หรือนั่งทำงานนานๆ ออฟฟิศซินโดรม,88.46,12,"{""zone"": ""E"", ""section"": ""1"", ""shelf"": ""5"", ""shelf_level"": ""2""}","{""x"": 94.0, ""y"": 1.3, ""z"": 3.0}"
PRD-B83FC10E,เจลทาแก้ปวดเมื่อย แบบแผง,เคาน์เตอร์เพน,ยา/แก้ปวด,ปวดเมื่อยกล้ามเนื้อจากการออกกำลังกาย หรือนั่งทำงานนานๆ ออฟฟิศซินโดรม,114.8,23,"{""zone"": ""E"", ""section"": ""1"", ""shelf"": ""4"", ""shelf_level"": ""2""}","{""x"": 96.5, ""y"": 1.3, ""z"": 3.0}"
PRD-AF45A6CD,แผ่นแปะแก้ปวด,ซาลอนพาส,ยา/แก้ปวด,ปวดหลัง ปวดไหล่ อยากได้แผ่นแปะเย็นๆ ให้คลายปวด,37.49,50,"{""zone"": ""E"", ""section"": ""1"", ""shelf"": ""1"", ""shelf_level"": ""3""}","{""x"": 81.0, ""y"": 2.1, ""z"": 3.0}"
PRD-4FBE32F7,แผ่นแปะแก้ปวด แบบแผง,ซาลอนพาส,ยา/แก้ปวด,ปวดหลัง ปวดไหล่ อยากได้แผ่นแปะเย็นๆ ให้คลายปวด,60.43,4,"{""zone"": ""E"", ""section"": ""1"", ""shelf"": ""2"", ""shelf_level"": ""1""}","{""x"": 83.5, ""y"": 0.5, ""z"": 3.0}"
PRD-413C1F17,แผ่นแปะแก้ปวด ขนาดเล็ก,ซาลอนพาส,ยา/แก้ปวด,ปวดหลัง ปวดไหล่ อยากได้แผ่นแปะเย็นๆ ให้คลายปวด,28.24,36,"{""zone"": ""E"", ""section"": ""1"", ""shelf"": ""2"", ""shelf_level"": ""1""}","{""x"": 83.5, ""y"": 0.5, ""z"": 3.0}"
PRD-D85898BD,ยาคลายกล้ามเนื้อ,นอร์จีสิค,ยา/แก้ปวด,กล้ามเนื้ออักเสบ ตึงคอบ่าไหล่ขั้นสุด ทานยาลดอาการเกร็ง,74.39,27,"{""zone"": ""E"", ""section"": ""1"", ""shelf"": ""5"", ""shelf_level"": ""3""}","{""x"": 94.0, ""y"": 2.1, ""z"": 3.0}"
PRD-2C071899,ยาคลายกล้ามเนื้อ แบบแผง,นอร์จีสิค,ยา/แก้ปวด,กล้ามเนื้ออักเสบ ตึงคอบ่าไหล่ขั้นสุด ทานยาลดอาการเกร็ง,67.02,48,"{""zone"": ""E"", ""section"": ""1"", ""shelf"": ""3"", ""shelf_level"": ""1""}","{""x"": 86.0, ""y"": 0.5, ""z"": 3.0}"
PRD-BD28F216,ยาคลายกล้ามเนื้อ ขนาดเล็ก,นอร์จีสิค,ยา/แก้ปวด,กล้ามเนื้ออักเสบ ตึงคอบ่าไหล่ขั้นสุด ทานยาลดอาการเกร็ง,31.71,6,"{""zone"": ""E"", ""section"": ""1"", ""shelf"": ""5"", ""shelf_level"": ""2""}","{""x"": 94.0, ""y"": 1.3, ""z"": 3.0}"
PRD-AB818941,ยาคลายกล้ามเนื้อ แบบแผง,นอร์จีสิค,ยา/แก้ปวด,กล้ามเนื้ออักเสบ ตึงคอบ่าไหล่ขั้นสุด ทานยาลดอาการเกร็ง,40.18,12,"{""zone"": ""E"", ""section"": ""1"", ""shelf"": ""5"", ""shelf_level"": ""3""}","{""x"": 94.0, ""y"": 2.1, ""z"": 3.0}"
PRD-DFAF019C,ยาแก้แพ้อากาศ,ซีพีเอ็ม (CPM),ยา/แก้หวัด,น้ำมูกไหล จามบ่อย แพ้อากาศ แพ้ฝุ่น คันจมูกยิบๆ,26.65,20,"{""zone"": ""E"", ""section"": ""2"", ""shelf"": ""6"", ""shelf_level"": ""2""}","{""x"": 91.5, ""y"": 1.3, ""z"": 6.0}"
PRD-930967D5,ยาแก้แพ้อากาศ ขนาดเล็ก,ซีพีเอ็ม (CPM),ยา/แก้หวัด,น้ำมูกไหล จามบ่อย แพ้อากาศ แพ้ฝุ่น คันจมูกยิบๆ,13.92,28,"{""zone"": ""E"", ""section"": ""2"", ""shelf"": ""1"", ""shelf_level"": ""2""}","{""x"": 81.0, ""y"": 1.3, ""z"": 6.0}"
PRD-2612DF0B,ยาแก้แพ้อากาศ แบบแผง,ซีพีเอ็ม (CPM),ยา/แก้หวัด,น้ำมูกไหล จามบ่อย แพ้อากาศ แพ้ฝุ่น คันจมูกยิบๆ,23.59,30,"{""zone"": ""E"", ""section"": ""2"", ""shelf"": ""1"", ""shelf_level"": ""1""}","{""x"": 81.0, ""y"": 0.5, ""z"": 6.0}"
PRD-98D3D70E,ยาแก้แพ้อากาศ แบบแผง,ซีพีเอ็ม (CPM),ยา/แก้หวัด,น้ำมูกไหล จามบ่อย แพ้อากาศ แพ้ฝุ่น คันจมูกยิบๆ,21.2,21,"{""zone"": ""E"", ""section"": ""2"", ""shelf"": ""3"", ""shelf_level"": ""3""}","{""x"": 86.0, ""y"": 2.1, ""z"": 6.0}"
PRD-BB9DE419,ยาแก้ไอ ขับเสมหะ,ไบโซลวอน,ยา/แก้หวัด,ไอค่อกแค่ก มีเสมหะติดคอ รำคาญ ระคายคอ,68.64,0,"{""zone"": ""E"", ""section"": ""2"", ""shelf"": ""4"", ""shelf_level"": ""2""}","{""x"": 96.5, ""y"": 1.3, ""z"": 6.0}"
PRD-891FD34D,ยาแก้ไอ ขับเสมหะ ขนาดเล็ก,ไบโซลวอน,ยา/แก้หวัด,ไอค่อกแค่ก มีเสมหะติดคอ รำคาญ ระคายคอ,34.27,20,"{""zone"": ""E"", ""section"": ""2"", ""shelf"": ""1"", ""shelf_level"": ""3""}","{""x"": 81.0, ""y"": 2.1, ""z"": 6.0}"
PRD-901F02AD,ยาแก้ไอ ขับเสมหะ แบบแผง,ไบโซลวอน,ยา/แก้หวัด,ไอค่อกแค่ก มีเสมหะติดคอ รำคาญ ระคายคอ,62.97,5,"{""zone"": ""E"", ""section"": ""2"", ""shelf"": ""2"", ""shelf_level"": ""1""}","{""x"": 83.5, ""y"": 0.5, ""z"": 6.0}"
PRD-963B6B16,ยาแก้ไอ ขับเสมหะ แบบขวด,ไบโซลวอน,ยา/แก้หวัด,ไอค่อกแค่ก มีเสมหะติดคอ รำคาญ ระคายคอ,50.72,44,"{""zone"": ""E"", ""section"": ""2"", ""shelf"": ""1"", ""shelf_level"": ""1""}","{""x"": 81.0, ""y"": 0.5, ""z"": 6.0}"
PRD-5E12EE0E,ยาแก้ไอ ขับเสมหะ แบบขวด,ไบโซลวอน,ยา/แก้หวัด,ไอค่อกแค่ก มีเสมหะติดคอ รำคาญ ระคายคอ,74.91,25,"{""zone"": ""E"", ""section"": ""2"", ""shelf"": ""4"", ""shelf_level"": ""3""}","{""x"": 96.5, ""y"": 2.1, ""z"": 6.0}"
PRD-118909D5,ยาอมแก้เจ็บคอ,สเตร็ปซิล,ยา/แก้หวัด,คอแห้ง เจ็บคอ กลืนน้ำลายแล้วเจ็บจี๊ดๆ อยากอมให้ชุ่มคอ,51.13,38,"{""zone"": ""E"", ""section"": ""2"", ""shelf"": ""2"", ""shelf_level"": ""3""}","{""x"": 83.5, ""y"": 2.1, ""z"": 6.0}"
PRD-D67AE844,ยาอมแก้เจ็บคอ แบบแผง,สเตร็ปซิล,ยา/แก้หวัด,คอแห้ง เจ็บคอ กลืนน้ำลายแล้วเจ็บจี๊ดๆ อยากอมให้ชุ่มคอ,33.52,27,"{""zone"": ""E"", ""section"": ""2"", ""shelf"": ""2"", ""shelf_level"": ""1""}","{""x"": 83.5, ""y"": 0.5, ""z"": 6.0}"
PRD-17232B45,ยาอมแก้เจ็บคอ ขนาดเล็ก,สเตร็ปซิล,ยา/แก้หวัด,คอแห้ง เจ็บคอ กลืนน้ำลายแล้วเจ็บจี๊ดๆ อยากอมให้ชุ่มคอ,28.08,44,"{""zone"": ""E"", ""section"": ""2"", ""shelf"": ""5"", ""shelf_level"": ""1""}","{""x"": 94.0, ""y"": 0.5, ""z"": 6.0}"
PRD-CE08E126,ยาดม,โป๊ยเซียน,ยา/แก้หวัด,เวียนหัว หน้ามืด คลื่นไส้ อยากดมอะไรให้ชื่นใจ จมูกโล่ง,25.81,27,"{""zone"": ""E"", ""section"": ""2"", ""shelf"": ""4"", ""shelf_level"": ""3""}","{""x"": 96.5, ""y"": 2.1, ""z"": 6.0}"
PRD-267DD399,ยาดม ขนาดเล็ก,โป๊ยเซียน,ยา/แก้หวัด,เวียนหัว หน้ามืด คลื่นไส้ อยากดมอะไรให้ชื่นใจ จมูกโล่ง,20.06,47,"{""zone"": ""E"", ""section"": ""2"", ""shelf"": ""6"", ""shelf_level"": ""2""}","{""x"": 91.5, ""y"": 1.3, ""z"": 6.0}"
PRD-535EF959,ยาดม แบบขวด,โป๊ยเซียน,ยา/แก้หวัด,เวียนหัว หน้ามืด คลื่นไส้ อยากดมอะไรให้ชื่นใจ จมูกโล่ง,30.45,21,"{""zone"": ""E"", ""section"": ""2"", ""shelf"": ""6"", ""shelf_level"": ""1""}","{""x"": 91.5, ""y"": 0.5, ""z"": 6.0}"
PRD-87BDDC76,ยาดม แบบแผง,โป๊ยเซียน,ยา/แก้หวัด,เวียนหัว หน้ามืด คลื่นไส้ อยากดมอะไรให้ชื่นใจ จมูกโล่ง,34.52,34,"{""zone"": ""E"", ""section"": ""2"", ""shelf"": ""1"", ""shelf_level"": ""3""}","{""x"": 81.0, ""y"": 2.1, ""z"": 6.0}"
PRD-3E9E3F7B,สเปรย์พ่นคอ,คามิลโลซาน,ยา/แก้หวัด,เจ็บคอมาก เสียงแหบ อักเสบ พ่นให้เย็นและชาเพื่อลดอาการ,168.16,29,"{""zone"": ""E"", ""section"": ""2"", ""shelf"": ""2"", ""shelf_level"": ""2""}","{""x"": 83.5, ""y"": 1.3, ""z"": 6.0}"
PRD-33DD974C,สเปรย์พ่นคอ แบบขวด,คามิลโลซาน,ยา/แก้หวัด,เจ็บคอมาก เสียงแหบ อักเสบ พ่นให้เย็นและชาเพื่อลดอาการ,149.99,32,"{""zone"": ""E"", ""section"": ""2"", ""shelf"": ""3"", ""shelf_level"": ""2""}","{""x"": 86.0, ""y"": 1.3, ""z"": 6.0}"
PRD-DB6BB216,สเปรย์พ่นคอ แบบแผง,คามิลโลซาน,ยา/แก้หวัด,เจ็บคอมาก เสียงแหบ อักเสบ พ่นให้เย็นและชาเพื่อลดอาการ,174.87,0,"{""zone"": ""E"", ""section"": ""2"", ""shelf"": ""5"", ""shelf_level"": ""1""}","{""x"": 94.0, ""y"": 0.5, ""z"": 6.0}"
PRD-4D4638AE,ยาธาตุน้ำขาว,ตรากระต่ายบิน,ยา/ทางเดินอาหาร,ปวดท้อง ท้องเสีย ถ่ายเหลว จุกเสียด แน่นท้อง,57.29,38,"{""zone"": ""E"", ""section"": ""3"", ""shelf"": ""1"", ""shelf_level"": ""1""}","{""x"": 81.0, ""y"": 0.5, ""z"": 9.0}"
PRD-0D2025B0,ยาธาตุน้ำขาว รสชาติใหม่,ตรากระต่ายบิน,ยา/ทางเดินอาหาร,ปวดท้อง ท้องเสีย ถ่ายเหลว จุกเสียด แน่นท้อง,60.84,33,"{""zone"": ""E"", ""section"": ""3"", ""shelf"": ""4"", ""shelf_level"": ""2""}","{""x"": 96.5, ""y"": 1.3, ""z"": 9.0}"
PRD-B6B7BD36,ยาธาตุน้ำขาว รสชาติใหม่,ตรากระต่ายบิน,ยา/ทางเดินอาหาร,ปวดท้อง ท้องเสีย ถ่ายเหลว จุกเสียด แน่นท้อง,60.59,15,"{""zone"": ""E"", ""section"": ""3"", ""shelf"": ""6"", ""shelf_level"": ""1""}","{""x"": 91.5, ""y"": 0.5, ""z"": 9.0}"
PRD-6065896C,ยาธาตุน้ำขาว รสชาติใหม่,ตรากระต่ายบิน,ยา/ทางเดินอาหาร,ปวดท้อง ท้องเสีย ถ่ายเหลว จุกเสียด แน่นท้อง,45.59,30,"{""zone"": ""E"", ""section"": ""3"", ""shelf"": ""5"", ""shelf_level"": ""3""}","{""x"": 94.0, ""y"": 2.1, ""z"": 9.0}"
PRD-C3944806,ยาลดกรดในกระเพาะ,อีโน,ยา/ทางเดินอาหาร,กินอิ่มเกินไป กรดไหลย้อน แสบร้อนกลางอก เรอเปรี้ยว จุกคอ,14.02,5,"{""zone"": ""E"", ""section"": ""3"", ""shelf"": ""2"", ""shelf_level"": ""1""}","{""x"": 83.5, ""y"": 0.5, ""z"": 9.0}"
PRD-BE3C1BCD,ยาลดกรดในกระเพาะ ขนาดใหญ่,อีโน,ยา/ทางเดินอาหาร,กินอิ่มเกินไป กรดไหลย้อน แสบร้อนกลางอก เรอเปรี้ยว จุกคอ,19.89,45,"{""zone"": ""E"", ""section"": ""3"", ""shelf"": ""1"", ""shelf_level"": ""3""}","{""x"": 81.0, ""y"": 2.1, ""z"": 9.0}"
PRD-D1F42A47,ยาลดกรดในกระเพาะ รสชาติใหม่,อีโน,ยา/ทางเดินอาหาร,กินอิ่มเกินไป กรดไหลย้อน แสบร้อนกลางอก เรอเปรี้ยว จุกคอ,14.51,26,"{""zone"": ""E"", ""section"": ""3"", ""shelf"": ""4"", ""shelf_level"": ""3""}","{""x"": 96.5, ""y"": 2.1, ""z"": 9.0}"
PRD-21D28A4F,ยาลดกรดในกระเพาะ แพ็คคู่,อีโน,ยา/ทางเดินอาหาร,กินอิ่มเกินไป กรดไหลย้อน แสบร้อนกลางอก เรอเปรี้ยว จุกคอ,19.79,6,"{""zone"": ""E"", ""section"": ""3"", ""shelf"": ""3"", ""shelf_level"": ""3""}","{""x"": 86.0, ""y"": 2.1, ""z"": 9.0}"
PRD-1AFCF122,ยาแก้ท้องอืด,แอร์เอ็กซ์,ยา/ทางเดินอาหาร,ท้องอืด มีลมในท้องเยอะ เรอไม่ออก อึดอัดท้อง,29.72,31,"{""zone"": ""E"", ""section"": ""3"", ""shelf"": ""4"", ""shelf_level"": ""1""}","{""x"": 96.5, ""y"": 0.5, ""z"": 9.0}"
PRD-C0F97FD0,ยาแก้ท้องอืด แพ็คคู่,แอร์เอ็กซ์,ยา/ทางเดินอาหาร,ท้องอืด มีลมในท้องเยอะ เรอไม่ออก อึดอัดท้อง,31.55,39,"{""zone"": ""E"", ""section"": ""3"", ""shelf"": ""1"", ""shelf_level"": ""3""}","{""x"": 81.0, ""y"": 2.1, ""z"": 9.0}"
PRD-EC0247A0,ยาแก้ท้องอืด รสชาติใหม่,แอร์เอ็กซ์,ยา/ทางเดินอาหาร,ท้องอืด มีลมในท้องเยอะ เรอไม่ออก อึดอัดท้อง,23.34,24,"{""zone"": ""E"", ""section"": ""3"", ""shelf"": ""1"", ""shelf_level"": ""2""}","{""x"": 81.0, ""y"": 1.3, ""z"": 9.0}"
PRD-3A947584,ยาแก้เมาเรือ เมารถ,ไดเมนไฮดริเนต,ยา/ทางเดินอาหาร,นั่งรถหรือเรือแล้วเวียนหัว คลื่นไส้ อยากอาเจียน,12.06,31,"{""zone"": ""E"", ""section"": ""3"", ""shelf"": ""2"", ""shelf_level"": ""2""}","{""x"": 83.5, ""y"": 1.3, ""z"": 9.0}"
PRD-932748B8,ยาแก้เมาเรือ เมารถ ขนาดเล็ก,ไดเมนไฮดริเนต,ยา/ทางเดินอาหาร,นั่งรถหรือเรือแล้วเวียนหัว คลื่นไส้ อยากอาเจียน,8.05,2,"{""zone"": ""E"", ""section"": ""3"", ""shelf"": ""5"", ""shelf_level"": ""1""}","{""x"": 94.0, ""y"": 0.5, ""z"": 9.0}"
PRD-5E54FCB2,ยาแก้เมาเรือ เมารถ รสชาติใหม่,ไดเมนไฮดริเนต,ยา/ทางเดินอาหาร,นั่งรถหรือเรือแล้วเวียนหัว คลื่นไส้ อยากอาเจียน,12.96,8,"{""zone"": ""E"", ""section"": ""3"", ""shelf"": ""5"", ""shelf_level"": ""1""}","{""x"": 94.0, ""y"": 0.5, ""z"": 9.0}"
PRD-9D7AD1C1,ผงเกลือแร่ (ORS),โออาร์เอส,ยา/ทางเดินอาหาร,ท้องเสียหนัก อาเจียน ร่างกายขาดน้ำและเกลือแร่ อ่อนเพลีย,10.74,36,"{""zone"": ""E"", ""section"": ""3"", ""shelf"": ""4"", ""shelf_level"": ""3""}","{""x"": 96.5, ""y"": 2.1, ""z"": 9.0}"
PRD-431071B2,ผงเกลือแร่ (ORS) ขนาดเล็ก,โออาร์เอส,ยา/ทางเดินอาหาร,ท้องเสียหนัก อาเจียน ร่างกายขาดน้ำและเกลือแร่ อ่อนเพลีย,6.34,40,"{""zone"": ""E"", ""section"": ""3"", ""shelf"": ""5"", ""shelf_level"": ""1""}","{""x"": 94.0, ""y"": 0.5, ""z"": 9.0}"
PRD-8D57D749,ผงเกลือแร่ (ORS) ขนาดเล็ก,โออาร์เอส,ยา/ทางเดินอาหาร,ท้องเสียหนัก อาเจียน ร่างกายขาดน้ำและเกลือแร่ อ่อนเพลีย,8.31,18,"{""zone"": ""E"", ""section"": ""3"", ""shelf"": ""2"", ""shelf_level"": ""2""}","{""x"": 83.5, ""y"": 1.3, ""z"": 9.0}"
PRD-B31BE209,พลาสเตอร์ยา,เทนโซพลัส,ยา/ปฐมพยาบาล,มีดบาด เป็นแผลถลอก เลือดออก ต้องการปิดแผลกันเชื้อโรค,21.84,49,"{""zone"": ""E"", ""section"": ""4"", ""shelf"": ""1"", ""shelf_level"": ""3""}","{""x"": 81.0, ""y"": 2.1, ""z"": 12.0}"
PRD-1FB89452,พลาสเตอร์ยา ขนาดเล็ก,เทนโซพลัส,ยา/ปฐมพยาบาล,มีดบาด เป็นแผลถลอก เลือดออก ต้องการปิดแผลกันเชื้อโรค,17.76,26,"{""zone"": ""E"", ""section"": ""4"", ""shelf"": ""2"", ""shelf_level"": ""3""}","{""x"": 83.5, ""y"": 2.1, ""z"": 12.0}"
PRD-29772134,พลาสเตอร์ยา แบบแผง,เทนโซพลัส,ยา/ปฐมพยาบาล,มีดบาด เป็นแผลถลอก เลือดออก ต้องการปิดแผลกันเชื้อโรค,28.0,3,"{""zone"": ""E"", ""section"": ""4"", ""shelf"": ""3"", ""shelf_level"": ""1""}","{""x"": 86.0, ""y"": 0.5, ""z"": 12.0}"
PRD-B37F3283,น้ำเกลือล้างแผล,คลีนแอนด์แคร์,ยา/ปฐมพยาบาล,มีแผลสด แผลเจาะหู อยากล้างทำความสะอาดแผลไม่ให้แสบ,54.31,1,"{""zone"": ""E"", ""section"": ""4"", ""shelf"": ""2"", ""shelf_level"": ""1""}","{""x"": 83.5, ""y"": 0.5, ""z"": 12.0}"
PRD-64FF1867,น้ำเกลือล้างแผล ขนาดเล็ก,คลีนแอนด์แคร์,ยา/ปฐมพยาบาล,มีแผลสด แผลเจาะหู อยากล้างทำความสะอาดแผลไม่ให้แสบ,44.93,30,"{""zone"": ""E"", ""section"": ""4"", ""shelf"": ""5"", ""shelf_level"": ""2""}","{""x"": 94.0, ""y"": 1.3, ""z"": 12.0}"
PRD-2F0F0E33,น้ำเกลือล้างแผล แบบขวด,คลีนแอนด์แคร์,ยา/ปฐมพยาบาล,มีแผลสด แผลเจาะหู อยากล้างทำความสะอาดแผลไม่ให้แสบ,60.25,30,"{""zone"": ""E"", ""section"": ""4"", ""shelf"": ""5"", ""shelf_level"": ""2""}","{""x"": 94.0, ""y"": 1.3, ""z"": 12.0}"
PRD-274C3CFB,น้ำเกลือล้างแผล แบบแผง,คลีนแอนด์แคร์,ยา/ปฐมพยาบาล,มีแผลสด แผลเจาะหู อยากล้างทำความสะอาดแผลไม่ให้แสบ,72.3,23,"{""zone"": ""E"", ""section"": ""4"", ""shelf"": ""3"", ""shelf_level"": ""3""}","{""x"": 86.0, ""y"": 2.1, ""z"": 12.0}"
PRD-5E695A5A,เบตาดีน (โพวิโดน-ไอโอดีน),เบตาดีน,ยา/ปฐมพยาบาล,แผลถลอก หกล้ม เลือดออก อยากใส่ยาฆ่าเชื้อให้แผลแห้งไว,62.3,34,"{""zone"": ""E"", ""section"": ""4"", ""shelf"": ""1"", ""shelf_level"": ""3""}","{""x"": 81.0, ""y"": 2.1, ""z"": 12.0}"
PRD-5AF85ABF,เบตาดีน (โพวิโดน-ไอโอดีน) ขนาดเล็ก,เบตาดีน,ยา/ปฐมพยาบาล,แผลถลอก หกล้ม เลือดออก อยากใส่ยาฆ่าเชื้อให้แผลแห้งไว,36.07,42,"{""zone"": ""E"", ""section"": ""4"", ""shelf"": ""3"", ""shelf_level"": ""2""}","{""x"": 86.0, ""y"": 1.3, ""z"": 12.0}"
PRD-194E66B5,เบตาดีน (โพวิโดน-ไอโอดีน) แบบขวด,เบตาดีน,ยา/ปฐมพยาบาล,แผลถลอก หกล้ม เลือดออก อยากใส่ยาฆ่าเชื้อให้แผลแห้งไว,59.63,26,"{""zone"": ""E"", ""section"": ""4"", ""shelf"": ""5"", ""shelf_level"": ""1""}","{""x"": 94.0, ""y"": 0.5, ""z"": 12.0}"
PRD-5E3830A3,สำลีก้อน,รถพยาบาล,ยา/ปฐมพยาบาล,ต้องการใช้เช็ดแผล เช็ดหน้า หรือใช้ทำความสะอาดร่วมกับน้ำเกลือ,34.5,5,"{""zone"": ""E"", ""section"": ""4"", ""shelf"": ""6"", ""shelf_level"": ""1""}","{""x"": 91.5, ""y"": 0.5, ""z"": 12.0}"
PRD-E302E04B,สำลีก้อน แบบแผง,รถพยาบาล,ยา/ปฐมพยาบาล,ต้องการใช้เช็ดแผล เช็ดหน้า หรือใช้ทำความสะอาดร่วมกับน้ำเกลือ,44.04,30,"{""zone"": ""E"", ""section"": ""4"", ""shelf"": ""3"", ""shelf_level"": ""2""}","{""x"": 86.0, ""y"": 1.3, ""z"": 12.0}"
PRD-8768B025,สำลีก้อน แบบแผง,รถพยาบาล,ยา/ปฐมพยาบาล,ต้องการใช้เช็ดแผล เช็ดหน้า หรือใช้ทำความสะอาดร่วมกับน้ำเกลือ,51.39,49,"{""zone"": ""E"", ""section"": ""4"", ""shelf"": ""5"", ""shelf_level"": ""1""}","{""x"": 94.0, ""y"": 0.5, ""z"": 12.0}"
PRD-D190175C,สำลีก้อน แบบขวด,รถพยาบาล,ยา/ปฐมพยาบาล,ต้องการใช้เช็ดแผล เช็ดหน้า หรือใช้ทำความสะอาดร่วมกับน้ำเกลือ,43.55,38,"{""zone"": ""E"", ""section"": ""4"", ""shelf"": ""6"", ""shelf_level"": ""2""}","{""x"": 91.5, ""y"": 1.3, ""z"": 12.0}"
PRD-EB7129BD,สำลีก้อน ขนาดเล็ก,รถพยาบาล,ยา/ปฐมพยาบาล,ต้องการใช้เช็ดแผล เช็ดหน้า หรือใช้ทำความสะอาดร่วมกับน้ำเกลือ,24.84,12,"{""zone"": ""E"", ""section"": ""4"", ""shelf"": ""3"", ""shelf_level"": ""3""}","{""x"": 86.0, ""y"": 2.1, ""z"": 12.0}"
PRD-8081EF38,แอลกอฮอล์ล้างแผล 70%,ศิริบัญชา,ยา/ปฐมพยาบาล,ต้องการเช็ดทำความสะอาดรอบๆ แผลเพื่อฆ่าเชื้อก่อนทำแผล,27.39,19,"{""zone"": ""E"", ""section"": ""4"", ""shelf"": ""6"", ""shelf_level"": ""1""}","{""x"": 91.5, ""y"": 0.5, ""z"": 12.0}"
PRD-0993B731,แอลกอฮอล์ล้างแผล 70% แบบขวด,ศิริบัญชา,ยา/ปฐมพยาบาล,ต้องการเช็ดทำความสะอาดรอบๆ แผลเพื่อฆ่าเชื้อก่อนทำแผล,28.38,46,"{""zone"": ""E"", ""section"": ""4"", ""shelf"": ""2"", ""shelf_level"": ""2""}","{""x"": 83.5, ""y"": 1.3, ""z"": 12.0}"
PRD-985E1F2E,แอลกอฮอล์ล้างแผล 70% แบบแผง,ศิริบัญชา,ยา/ปฐมพยาบาล,ต้องการเช็ดทำความสะอาดรอบๆ แผลเพื่อฆ่าเชื้อก่อนทำแผล,41.75,18,"{""zone"": ""E"", ""section"": ""4"", ""shelf"": ""5"", ""shelf_level"": ""3""}","{""x"": 94.0, ""y"": 2.1, ""z"": 12.0}"
PRD-D6510A44,วิตามินซี,Blackmores,ยา/วิตามิน,รู้สึกภูมิต้านทานต่ำ เป็นหวัดบ่อย หรืออยากบำรุงผิวพรรณ,431.89,14,"{""zone"": ""E"", ""section"": ""5"", ""shelf"": ""3"", ""shelf_level"": ""3""}","{""x"": 86.0, ""y"": 2.1, ""z"": 15.0}"
PRD-54BEC107,วิตามินซี แบบขวด,Blackmores,ยา/วิตามิน,รู้สึกภูมิต้านทานต่ำ เป็นหวัดบ่อย หรืออยากบำรุงผิวพรรณ,322.82,2,"{""zone"": ""E"", ""section"": ""5"", ""shelf"": ""3"", ""shelf_level"": ""3""}","{""x"": 86.0, ""y"": 2.1, ""z"": 15.0}"
PRD-95EF8D4A,วิตามินซี ขนาดเล็ก,Blackmores,ยา/วิตามิน,รู้สึกภูมิต้านทานต่ำ เป็นหวัดบ่อย หรืออยากบำรุงผิวพรรณ,284.17,32,"{""zone"": ""E"", ""section"": ""5"", ""shelf"": ""1"", ""shelf_level"": ""1""}","{""x"": 81.0, ""y"": 0.5, ""z"": 15.0}"
PRD-C05A3052,วิตามินซี แบบขวด,Blackmores,ยา/วิตามิน,รู้สึกภูมิต้านทานต่ำ เป็นหวัดบ่อย หรืออยากบำรุงผิวพรรณ,503.76,19,"{""zone"": ""E"", ""section"": ""5"", ""shelf"": ""4"", ""shelf_level"": ""3""}","{""x"": 96.5, ""y"": 2.1, ""z"": 15.0}"
PRD-71485C0A,น้ำมันปลา,Mega We Care,ยา/วิตามิน,อยากบำรุงสมอง สายตา หรือบำรุงสุขภาพหัวใจ,301.56,11,"{""zone"": ""E"", ""section"": ""5"", ""shelf"": ""4"", ""shelf_level"": ""3""}","{""x"": 96.5, ""y"": 2.1, ""z"": 15.0}"
PRD-7CF46AE3,น้ำมันปลา แบบขวด,Mega We Care,ยา/วิตามิน,อยากบำรุงสมอง สายตา หรือบำรุงสุขภาพหัวใจ,339.83,31,"{""zone"": ""E"", ""section"": ""5"", ""shelf"": ""5"", ""shelf_level"": ""3""}","{""x"": 94.0, ""y"": 2.1, ""z"": 15.0}"
PRD-80DC04FC,น้ำมันปลา แบบขวด,Mega We Care,ยา/วิตามิน,อยากบำรุงสมอง สายตา หรือบำรุงสุขภาพหัวใจ,267.39,28,"{""zone"": ""E"", ""section"": ""5"", ""shelf"": ""2"", ""shelf_level"": ""3""}","{""x"": 83.5, ""y"": 2.1, ""z"": 15.0}"
PRD-59BA6653,น้ำมันปลา แบบขวด,Mega We Care,ยา/วิตามิน,อยากบำรุงสมอง สายตา หรือบำรุงสุขภาพหัวใจ,426.41,36,"{""zone"": ""E"", ""section"": ""5"", ""shelf"": ""1"", ""shelf_level"": ""2""}","{""x"": 81.0, ""y"": 1.3, ""z"": 15.0}"
PRD-C68D02CB,วิตามินบีรวม,Nat B,ยา/วิตามิน,พักผ่อนน้อย สมองตื้อ เหนื่อยล้าจากการเรียนหรือทำงานหนัก,243.7,19,"{""zone"": ""E"", ""section"": ""5"", ""shelf"": ""1"", ""shelf_level"": ""1""}","{""x"": 81.0, ""y"": 0.5, ""z"": 15.0}"
PRD-EE07E2CF,วิตามินบีรวม แบบแผง,Nat B,ยา/วิตามิน,พักผ่อนน้อย สมองตื้อ เหนื่อยล้าจากการเรียนหรือทำงานหนัก,204.32,34,"{""zone"": ""E"", ""section"": ""5"", ""shelf"": ""1"", ""shelf_level"": ""2""}","{""x"": 81.0, ""y"": 1.3, ""z"": 15.0}"
PRD-29E88378,วิตามินบีรวม แบบแผง,Nat B,ยา/วิตามิน,พักผ่อนน้อย สมองตื้อ เหนื่อยล้าจากการเรียนหรือทำงานหนัก,298.35,17,"{""zone"": ""E"", ""section"": ""5"", ""shelf"": ""2"", ""shelf_level"": ""2""}","{""x"": 83.5, ""y"": 1.3, ""z"": 15.0}"
PRD-801EE42A,วิตามินบีรวม ขนาดเล็ก,Nat B,ยา/วิตามิน,พักผ่อนน้อย สมองตื้อ เหนื่อยล้าจากการเรียนหรือทำงานหนัก,163.54,37,"{""zone"": ""E"", ""section"": ""5"", ""shelf"": ""3"", ""shelf_level"": ""2""}","{""x"": 86.0, ""y"": 1.3, ""z"": 15.0}"
PRD-32FDA3A1,วิตามินบีรวม ขนาดเล็ก,Nat B,ยา/วิตามิน,พักผ่อนน้อย สมองตื้อ เหนื่อยล้าจากการเรียนหรือทำงานหนัก,197.93,36,"{""zone"": ""E"", ""section"": ""5"", ""shelf"": ""2"", ""shelf_level"": ""1""}","{""x"": 83.5, ""y"": 0.5, ""z"": 15.0}"
PRD-C3F5BCA9,แคลเซียม,Caltrate,ยา/วิตามิน,อยากบำรุงกระดูก ป้องกันกระดูกพรุน หรือผู้สูงอายุทานบำรุง,377.82,28,"{""zone"": ""E"", ""section"": ""5"", ""shelf"": ""1"", ""shelf_level"": ""3""}","{""x"": 81.0, ""y"": 2.1, ""z"": 15.0}"
PRD-DB4F9223,แคลเซียม แบบขวด,Caltrate,ยา/วิตามิน,อยากบำรุงกระดูก ป้องกันกระดูกพรุน หรือผู้สูงอายุทานบำรุง,430.05,48,"{""zone"": ""E"", ""section"": ""5"", ""shelf"": ""1"", ""shelf_level"": ""2""}","{""x"": 81.0, ""y"": 1.3, ""z"": 15.0}"
PRD-1E19AD0B,แคลเซียม แบบขวด,Caltrate,ยา/วิตามิน,อยากบำรุงกระดูก ป้องกันกระดูกพรุน หรือผู้สูงอายุทานบำรุง,490.23,43,"{""zone"": ""E"", ""section"": ""5"", ""shelf"": ""3"", ""shelf_level"": ""1""}","{""x"": 86.0, ""y"": 0.5, ""z"": 15.0}"
PRD-DE5EE9BE,แคลเซียม แบบขวด,Caltrate,ยา/วิตามิน,อยากบำรุงกระดูก ป้องกันกระดูกพรุน หรือผู้สูงอายุทานบำรุง,608.61,19,"{""zone"": ""E"", ""section"": ""5"", ""shelf"": ""6"", ""shelf_level"": ""3""}","{""x"": 91.5, ""y"": 2.1, ""z"": 15.0}"
PRD-E5001C3D,คอลลาเจนผง,Amado,ยา/วิตามิน,ผิวหมองคล้ำ มีริ้วรอย อยากผิวใส ข้อเข่าไม่ดังก๊อบแก๊บ,1021.34,15,"{""zone"": ""E"", ""section"": ""5"", ""shelf"": ""1"", ""shelf_level"": ""2""}","{""x"": 81.0, ""y"": 1.3, ""z"": 15.0}"
PRD-67F51269,คอลลาเจนผง ขนาดเล็ก,Amado,ยา/วิตามิน,ผิวหมองคล้ำ มีริ้วรอย อยากผิวใส ข้อเข่าไม่ดังก๊อบแก๊บ,705.28,20,"{""zone"": ""E"", ""section"": ""5"", ""shelf"": ""4"", ""shelf_level"": ""3""}","{""x"": 96.5, ""y"": 2.1, ""z"": 15.0}"
PRD-525D18B5,คอลลาเจนผง แบบขวด,Amado,ยา/วิตามิน,ผิวหมองคล้ำ มีริ้วรอย อยากผิวใส ข้อเข่าไม่ดังก๊อบแก๊บ,927.07,40,"{""zone"": ""E"", ""section"": ""5"", ""shelf"": ""5"", ""shelf_level"": ""3""}","{""x"": 94.0, ""y"": 2.1, ""z"": 15.0}"
PRD-DD8B9867,คอลลาเจนผง แบบขวด,Amado,ยา/วิตามิน,ผิวหมองคล้ำ มีริ้วรอย อยากผิวใส ข้อเข่าไม่ดังก๊อบแก๊บ,745.68,16,"{""zone"": ""E"", ""section"": ""5"", ""shelf"": ""1"", ""shelf_level"": ""1""}","{""x"": 81.0, ""y"": 0.5, ""z"": 15.0}"
